fold,era,arm,label,model,kind,n_train,n_test,ic_train,ic_oos,capture_all,capture_q5,q5_frac,auc_train,auc_oos,base_rate_test,topdec_tp_rate,topdec_frac
1,1,base5y,fwd2,ridge,real,31014,2887,0.08382452789290686,0.06946733521780514,0.050274540287646684,0.18931813731001304,0.20817457568410114,,,,,
1,1,base5y,fwd2,ridge,shuffle,31014,2887,0.019900460546392596,0.03787178666449292,0.006942573014646668,0.09711606513531337,0.27052303429165225,,,,,
1,1,base5y,fwd2,hgb,real,31014,2887,0.5476865813854312,0.09236594955626783,0.05831535374072895,0.1490929644516799,0.18046414963630067,,,,,
1,1,base5y,fwd2,hgb,shuffle,31014,2887,0.5457752394695381,0.003276310325197927,0.003236547429382293,0.003699787209786917,0.18496709386906823,,,,,
1,1,base5y,fwd4,ridge,real,31014,2887,0.11087153703901068,0.115467821288498,0.13785914910294803,0.29053352477640026,0.22514721163837895,,,,,
1,1,base5y,fwd4,ridge,shuffle,31014,2887,0.02424162974318381,0.024576552939440548,-0.005755365644390034,0.03557509604627973,0.2514721163837894,,,,,
1,1,base5y,fwd4,hgb,real,31014,2887,0.5717777235387101,0.09127369234814303,0.10936775917084346,0.13689352360827894,0.17249740214755802,,,,,
1,1,base5y,fwd4,hgb,shuffle,31014,2887,0.5596124068345465,-0.015106345159300094,-0.006253594063332299,-0.07601233537235538,0.16383789400762036,,,,,
1,1,base5y,fwd8,ridge,real,31014,2887,0.12787195337907806,0.11264061588301402,0.20611011282796407,0.4401827779164129,0.23553862140630413,,,,,
1,1,base5y,fwd8,ridge,shuffle,31014,2887,0.02352194343528298,0.038292110505212126,0.019607894208123516,0.14647950372574375,0.22480083131278145,,,,,
1,1,base5y,fwd8,hgb,real,31014,2887,0.6107808699963886,0.07192167374573559,0.14590115480478139,-0.13230669022249203,0.17422930377554555,,,,,
1,1,base5y,fwd8,hgb,shuffle,31014,2887,0.5575538436313141,-0.030997678888165136,-0.06907419264796621,-0.07903811807038062,0.17977138898510564,,,,,
1,1,base5y,br_canon_long,logit,real,31014,2887,,,,,,0.5696078998678147,0.5550870166541808,0.512642881884309,0.5781710914454278,0.11742293037755455
1,1,base5y,br_canon_long,logit,shuffle,31014,2887,,,,,,0.5119061510893109,0.5111575327993239,0.512642881884309,0.5370370370370371,0.1309317630758573
1,1,base5y,br_canon_long,hgb,real,31014,2887,,,,,,0.8721881867731269,0.5558755450546495,0.512642881884309,0.5887850467289719,0.07412538967786629
1,1,base5y,br_canon_long,hgb,shuffle,31014,2887,,,,,,0.8845314056859731,0.4830514416335312,0.512642881884309,0.5705128205128205,0.05403533079321095
1,1,base5y,br_canon_short,logit,real,31014,2887,,,,,,0.5706386178452325,0.5513861487045177,0.4793903706269484,0.5380116959064327,0.11846207135434707
1,1,base5y,br_canon_short,logit,shuffle,31014,2887,,,,,,0.5131130253961391,0.5041804637353424,0.4793903706269484,0.42657342657342656,0.09906477312088674
1,1,base5y,br_canon_short,hgb,real,31014,2887,,,,,,0.8747957887682185,0.5433838488725824,0.4793903706269484,0.5021645021645021,0.0800138552130239
1,1,base5y,br_canon_short,hgb,shuffle,31014,2887,,,,,,0.8847916720590445,0.49012139497498264,0.4793903706269484,0.4530386740331492,0.0626948389331486
1,1,base5y,br_modal_long,logit,real,31014,2887,,,,,,0.6680095835521535,0.6467523434136,0.07862833391063388,0.1758957654723127,0.10633875995843436
1,1,base5y,br_modal_long,logit,shuffle,31014,2887,,,,,,0.5226486038548572,0.4286525785830214,0.07862833391063388,0.0392156862745098,0.10599237963283685
1,1,base5y,br_modal_long,hgb,real,31014,2887,,,,,,0.986437411175123,0.6069540591567024,0.07862833391063388,0.18137254901960784,0.07066158642189124
1,1,base5y,br_modal_long,hgb,shuffle,31014,2887,,,,,,0.9681798166207399,0.48427014673247,0.07862833391063388,0.06224066390041494,0.08347765846899896
1,1,base5y,br_modal_short,logit,real,31014,2887,,,,,,0.6284983241124967,0.5718187116585616,0.11811569102874957,0.1810344827586207,0.0803602355386214
1,1,base5y,br_modal_short,logit,shuffle,31014,2887,,,,,,0.5274635574312247,0.5235778969022767,0.11811569102874957,0.1598639455782313,0.10183581572566679
1,1,base5y,br_modal_short,hgb,real,31014,2887,,,,,,0.9867509914687183,0.5254196681356299,0.11811569102874957,0.15637860082304528,0.08417041912019398
1,1,base5y,br_modal_short,hgb,shuffle,31014,2887,,,,,,0.9756046446345265,0.494406728512093,0.11811569102874957,0.10101010101010101,0.0685833044683062
2,1,base5y,fwd2,ridge,real,31024,2919,0.09010575269306578,0.06715114002407428,0.007782709760811859,0.09794357567434675,0.22816032887975335,,,,,
2,1,base5y,fwd2,ridge,shuffle,31024,2919,0.028055869032042945,-0.014749006699185373,-0.021541498500736365,-0.016176103069386962,0.2182254196642686,,,,,
2,1,base5y,fwd2,hgb,real,31024,2919,0.5437253780996509,0.050358727977777726,0.000634094852152439,-0.0006494182336266977,0.24289140116478247,,,,,
2,1,base5y,fwd2,hgb,shuffle,31024,2919,0.5455800868995734,-0.010508072701418887,0.0021489327034768047,-0.1309133328381871,0.16786570743405277,,,,,
2,1,base5y,fwd4,ridge,real,31024,2919,0.11281124473292764,0.08259530606536475,0.043262483874230595,0.16267932478478245,0.2394655704008222,,,,,
2,1,base5y,fwd4,ridge,shuffle,31024,2919,0.019434782593723474,-0.02741509658215171,-0.06887077459269707,-0.11972113944862169,0.17129153819801302,,,,,
2,1,base5y,fwd4,hgb,real,31024,2919,0.566821597059057,0.048206465322049245,0.0031362516965475567,-0.002226702104646608,0.263103802672148,,,,,
2,1,base5y,fwd4,hgb,shuffle,31024,2919,0.5535562344041219,-0.02759396530262944,-0.06326559506463984,-0.12291056035143501,0.1778006166495375,,,,,
2,1,base5y,fwd8,ridge,real,31024,2919,0.12896019252180507,0.040486303410751996,0.037619058705223134,0.12079072755187703,0.2552243919150394,,,,,
2,1,base5y,fwd8,ridge,shuffle,31024,2919,0.02076749954581558,-0.025465294461053382,-0.12109486104073999,-0.35895177006150736,0.20589242891401166,,,,,
2,1,base5y,fwd8,hgb,real,31024,2919,0.6035128264229079,0.03153015742510486,-0.05692712679922043,-0.1813333075105168,0.22439191503939707,,,,,
2,1,base5y,fwd8,hgb,shuffle,31024,2919,0.5679532894990971,-0.027104392223697725,-0.05747287133645525,-0.17964692487070633,0.16204179513532033,,,,,
2,1,base5y,br_canon_long,logit,real,31024,2919,,,,,,0.5714969038071626,0.5342574811400826,0.4501541623843782,0.5238095238095238,0.1366906474820144
2,1,base5y,br_canon_long,logit,shuffle,31024,2919,,,,,,0.5180336336888536,0.5044614195555177,0.4501541623843782,0.4440677966101695,0.10106200753682767
2,1,base5y,br_canon_long,hgb,real,31024,2919,,,,,,0.8719447809415681,0.5496787531354168,0.4501541623843782,0.4794952681388013,0.10859883521754025
2,1,base5y,br_canon_long,hgb,shuffle,31024,2919,,,,,,0.881139561638833,0.4945523170078284,0.4501541623843782,0.5164835164835165,0.06235011990407674
2,1,base5y,br_canon_short,logit,real,31024,2919,,,,,,0.5713571337131153,0.5365878391125533,0.5340870161014046,0.5771144278606966,0.06885919835560124
2,1,base5y,br_canon_short,logit,shuffle,31024,2919,,,,,,0.518437930888487,0.5012484435724258,0.5340870161014046,0.5231788079470199,0.10346008907159986
2,1,base5y,br_canon_short,hgb,real,31024,2919,,,,,,0.8724519280134524,0.5382164283288684,0.5340870161014046,0.5621301775147929,0.0578965399109284
2,1,base5y,br_canon_short,hgb,shuffle,31024,2919,,,,,,0.8813785706237066,0.49129768328113804,0.5340870161014046,0.5104602510460251,0.08187735525865023
2,1,base5y,br_modal_long,logit,real,31024,2919,,,,,,0.6622992844018772,0.5396846846846847,0.04933196300102775,0.059670781893004114,0.16649537512846865
2,1,base5y,br_modal_long,logit,shuffle,31024,2919,,,,,,0.5292854050102584,0.4357432432432432,0.04933196300102775,0.02669902912621359,0.14114422747516273
2,1,base5y,br_modal_long,hgb,real,31024,2919,,,,,,0.9857754366272665,0.5045595595595596,0.04933196300102775,0.059233449477351915,0.09832134292565947
2,1,base5y,br_modal_long,hgb,shuffle,31024,2919,,,,,,0.9758423464931791,0.5196021021021021,0.04933196300102775,0.061371841155234655,0.09489551216169921
2,1,base5y,br_modal_short,logit,real,31024,2919,,,,,,0.6224146925829186,0.58034779112429,0.13497773210003425,0.15012106537530268,0.14148681055155876
2,1,base5y,br_modal_short,logit,shuffle,31024,2919,,,,,,0.5262455265677884,0.4825028898828969,0.13497773210003425,0.09130434782608696,0.07879410757108599
2,1,base5y,br_modal_short,hgb,real,31024,2919,,,,,,0.9856991360601889,0.4980007036236619,0.13497773210003425,0.10683760683760683,0.08016443987667009
2,1,base5y,br_modal_short,hgb,shuffle,31024,2919,,,,,,0.9731983415238393,0.4639895461627381,0.13497773210003425,0.13934426229508196,0.08359027064063035
3,1,base5y,fwd2,ridge,real,30959,2893,0.0866649942824314,0.04553087748009772,0.030187982377821544,0.06001667543952513,0.23608710680954026,,,,,
3,1,base5y,fwd2,ridge,shuffle,30959,2893,0.02566357792493877,-0.01383853354782841,-0.013394744771677366,0.037827814810856356,0.24403733148980297,,,,,
3,1,base5y,fwd2,hgb,real,30959,2893,0.5457158350354677,0.016903563391061978,0.03201298910382383,0.0267157571556851,0.29519529899758035,,,,,
3,1,base5y,fwd2,hgb,shuffle,30959,2893,0.5489990371155505,-0.023273761973851094,-0.027621417530492368,-0.05080532300827997,0.2208779813342551,,,,,
3,1,base5y,fwd4,ridge,real,30959,2893,0.11349476127781957,0.03689504179100118,0.05637617525206172,0.18310692551595675,0.23746975458002073,,,,,
3,1,base5y,fwd4,ridge,shuffle,30959,2893,0.03526455956465881,0.010629871978766975,0.005967403344085704,0.021214592716804016,0.26650535776011064,,,,,
3,1,base5y,fwd4,hgb,real,30959,2893,0.5666669918529036,0.03756785853590337,0.06322664435207907,0.06457052664317545,0.3394400276529554,,,,,
3,1,base5y,fwd4,hgb,shuffle,30959,2893,0.5523320524004197,-0.020862655522733718,-0.04654603970771719,-0.11946835091232161,0.21949533356377463,,,,,
3,1,base5y,fwd8,ridge,real,30959,2893,0.12629328857501207,0.011294687140068385,-0.0336471043311095,0.24671281131793024,0.27307293466989285,,,,,
3,1,base5y,fwd8,ridge,shuffle,30959,2893,0.029766348674700304,0.05491670431406842,0.03457002770935223,0.12405245802013457,0.2170756999654338,,,,,
3,1,base5y,fwd8,hgb,real,30959,2893,0.6059344765827652,-0.020321216263020685,-0.12477067209176294,-0.2205806925781403,0.3456619426201175,,,,,
3,1,base5y,fwd8,hgb,shuffle,30959,2893,0.5577787472658077,0.0027424005590246116,0.02999302655781551,-0.06502181126472217,0.2188040096785344,,,,,
3,1,base5y,br_canon_long,logit,real,30959,2893,,,,,,0.567760242952552,0.5157134854446521,0.5050120981679918,0.541025641025641,0.13480815762184584
3,1,base5y,br_canon_long,logit,shuffle,30959,2893,,,,,,0.5158794535956149,0.4784700155629227,0.5050120981679918,0.4177545691906005,0.132388524023505
3,1,base5y,br_canon_long,hgb,real,30959,2893,,,,,,0.8674416487607503,0.5427115238280966,0.5050120981679918,0.5859154929577465,0.12270998963014172
3,1,base5y,br_canon_long,hgb,shuffle,30959,2893,,,,,,0.8801924944478297,0.4877819584810281,0.5050120981679918,0.4618181818181818,0.09505703422053231
3,1,base5y,br_canon_short,logit,real,30959,2893,,,,,,0.565966534967148,0.5131327328155928,0.47597649498790184,0.5077519379844961,0.08918078119599032
3,1,base5y,br_canon_short,logit,shuffle,30959,2893,,,,,,0.5158046827036582,0.4730193357514999,0.47597649498790184,0.4876847290640394,0.07016937435188386
3,1,base5y,br_canon_short,hgb,real,30959,2893,,,,,,0.867875099923821,0.5362063910876576,0.47597649498790184,0.48095238095238096,0.07258900795022467
3,1,base5y,br_canon_short,hgb,shuffle,30959,2893,,,,,,0.8791466968581498,0.46475646840383766,0.47597649498790184,0.44666666666666666,0.05184929139301763
3,1,base5y,br_modal_long,logit,real,30959,2893,,,,,,0.6496684799645557,0.6836749906820723,0.07258900795022467,0.13075780089153047,0.2326304873833391
3,1,base5y,br_modal_long,logit,shuffle,30959,2893,,,,,,0.5266303533516983,0.5558827183501056,0.07258900795022467,0.09073359073359073,0.17905288627722088
3,1,base5y,br_modal_long,hgb,real,30959,2893,,,,,,0.9832608790309351,0.6105887155458531,0.07258900795022467,0.10449574726609964,0.2844797787763567
3,1,base5y,br_modal_long,hgb,shuffle,30959,2893,,,,,,0.9708456533272436,0.5166693289317218,0.07258900795022467,0.08895705521472393,0.11268579329415832
3,1,base5y,br_modal_short,logit,real,30959,2893,,,,,,0.6132131126587874,0.621716378859236,0.11925337020394054,0.18,0.1555478741790529
3,1,base5y,br_modal_short,logit,shuffle,30959,2893,,,,,,0.5338527544024649,0.4616351557345346,0.11925337020394054,0.06091370558375635,0.06809540269616315
3,1,base5y,br_modal_short,hgb,real,30959,2893,,,,,,0.983106983208281,0.5314938684503902,0.11925337020394054,0.1406926406926407,0.1596958174904943
3,1,base5y,br_modal_short,hgb,shuffle,30959,2893,,,,,,0.9677843265748846,0.4295963870498032,0.11925337020394054,0.07172995780590717,0.08192188040096786
4,1,base5y,fwd2,ridge,real,30981,2755,0.08604703128336152,0.028514093647126235,0.010920478574081321,0.050059442367683164,0.1970961887477314,,,,,
4,1,base5y,fwd2,ridge,shuffle,30981,2755,0.024381947571897898,0.055107099845855594,0.017894000637526865,0.015020689567412272,0.147005444646098,,,,,
4,1,base5y,fwd2,hgb,real,30981,2755,0.5498768275222633,0.03502034741027762,0.01947220831562736,0.10883389936949438,0.21814882032667876,,,,,
4,1,base5y,fwd2,hgb,shuffle,30981,2755,0.5477411573806745,0.008429395680209631,-0.033615142067511,0.012568066433288344,0.18548094373865698,,,,,
4,1,base5y,fwd4,ridge,real,30981,2755,0.10922466882292363,0.04635669343730674,0.05558995774732552,0.04722106739263346,0.226497277676951,,,,,
4,1,base5y,fwd4,ridge,shuffle,30981,2755,0.026097478569126448,0.027777048136930993,-0.06885327368848762,-0.06832455573276044,0.12558983666061707,,,,,
4,1,base5y,fwd4,hgb,real,30981,2755,0.563556605037222,-0.033966574853676886,-0.07522660302541274,-0.14590186956458148,0.24283121597096188,,,,,
4,1,base5y,fwd4,hgb,shuffle,30981,2755,0.5480692952496545,0.027492435075522806,0.012069858969099586,0.08585389827824998,0.14047186932849365,,,,,
4,1,base5y,fwd8,ridge,real,30981,2755,0.1190755762527286,0.018606336150061516,-0.11518960019777215,0.011861808845816205,0.2515426497277677,,,,,
4,1,base5y,fwd8,ridge,shuffle,30981,2755,0.02817860144752689,-0.0015028512839978625,-0.2992203259662837,-0.3043453957985581,0.16333938294010888,,,,,
4,1,base5y,fwd8,hgb,real,30981,2755,0.5992699953995091,-0.043376104673594255,-0.11507762023085237,-0.20907877472977618,0.22577132486388385,,,,,
4,1,base5y,fwd8,hgb,shuffle,30981,2755,0.5666826630288663,0.02389820667898464,-0.07337279669487115,-0.1916016571231163,0.1571687840290381,,,,,
4,1,base5y,br_canon_long,logit,real,30981,2755,,,,,,0.5664111466295119,0.5156229161709932,0.44500907441016335,0.48717948717948717,0.09909255898366606
4,1,base5y,br_canon_long,logit,shuffle,30981,2755,,,,,,0.5195166270748101,0.5175892505630673,0.44500907441016335,0.5,0.0573502722323049
4,1,base5y,br_canon_long,hgb,real,30981,2755,,,,,,0.8671956581287682,0.5369634590414574,0.44500907441016335,0.5631067961165048,0.07477313974591651
4,1,base5y,br_canon_long,hgb,shuffle,30981,2755,,,,,,0.8850220865854381,0.5084740156858645,0.44500907441016335,0.4766355140186916,0.07767695099818511
4,1,base5y,br_canon_short,logit,real,30981,2755,,,,,,0.564286864073511,0.5252625526534813,0.5339382940108893,0.5426136363636364,0.1277676950998185
4,1,base5y,br_canon_short,logit,shuffle,30981,2755,,,,,,0.5193472311894874,0.5008974122759646,0.5339382940108893,0.5400516795865633,0.14047186932849365
4,1,base5y,br_canon_short,hgb,real,30981,2755,,,,,,0.8645867462905542,0.5348571870281306,0.5339382940108893,0.5975609756097561,0.08929219600725953
4,1,base5y,br_canon_short,hgb,shuffle,30981,2755,,,,,,0.8898750479906826,0.5081746581362203,0.5339382940108893,0.6130952380952381,0.060980036297640657
4,1,base5y,br_modal_long,logit,real,30981,2755,,,,,,0.6481413495986189,0.649542231898621,0.07114337568058077,0.11538461538461539,0.16043557168784028
4,1,base5y,br_modal_long,logit,shuffle,30981,2755,,,,,,0.5292652629854043,0.4313447536107057,0.07114337568058077,0.015384615384615385,0.047186932849364795
4,1,base5y,br_modal_long,hgb,real,30981,2755,,,,,,0.9853624189296661,0.6105701366126756,0.07114337568058077,0.12631578947368421,0.13793103448275862
4,1,base5y,br_modal_long,hgb,shuffle,30981,2755,,,,,,0.967536960938657,0.4163496582689348,0.07114337568058077,0.05263157894736842,0.08275862068965517
4,1,base5y,br_modal_short,logit,real,30981,2755,,,,,,0.6131159671877846,0.6273559810824397,0.17386569872958257,0.2732919254658385,0.1753176043557169
4,1,base5y,br_modal_short,logit,shuffle,30981,2755,,,,,,0.5234935144300703,0.4919161918319874,0.17386569872958257,0.18050541516245489,0.10054446460980036
4,1,base5y,br_modal_short,hgb,real,30981,2755,,,,,,0.9810534081881984,0.6012443542676417,0.17386569872958257,0.30277777777777776,0.1306715063520871
4,1,base5y,br_modal_short,hgb,shuffle,30981,2755,,,,,,0.9642873420612863,0.4961842003881842,0.17386569872958257,0.2054263565891473,0.09364791288566243
5,1,base5y,fwd2,ridge,real,30931,2783,0.08626471265401274,-0.012636266323199839,-0.029266400235589705,-0.08094736157041814,0.1710384477182896,,,,,
5,1,base5y,fwd2,ridge,shuffle,30931,2783,0.01812261246242577,-0.003790683205582934,-0.02874181317952643,-0.0005443429803203,0.21379805964786203,,,,,
5,1,base5y,fwd2,hgb,real,30931,2783,0.5418534795147717,0.0281602381972326,0.006360689837775924,0.003509803360823939,0.17858426158821417,,,,,
5,1,base5y,fwd2,hgb,shuffle,30931,2783,0.5573725548281693,0.013851004542696194,0.016303797610534645,-0.02316700309474344,0.16133668702838663,,,,,
5,1,base5y,fwd4,ridge,real,30931,2783,0.10399298413241649,-0.05337873385258996,-0.06954324992917627,-0.19376346458959087,0.18289615522817104,,,,,
5,1,base5y,fwd4,ridge,shuffle,30931,2783,0.01380797279875293,0.01786906196805644,-0.05452863880453312,0.015022464207852282,0.22529644268774704,,,,,
5,1,base5y,fwd4,hgb,real,30931,2783,0.5557172749674145,0.017296433410461148,0.00782557855518368,0.06622116829052058,0.17499101688825008,,,,,
5,1,base5y,fwd4,hgb,shuffle,30931,2783,0.5543751936352311,0.01563419920503592,-0.017218096645423495,0.03647683052314417,0.1541501976284585,,,,,
5,1,base5y,fwd8,ridge,real,30931,2783,0.10888625899905065,-0.0245222655395808,-0.03409544393490422,-0.10980018765717588,0.19906575637800933,,,,,
5,1,base5y,fwd8,ridge,shuffle,30931,2783,0.018568327999022784,0.04041858704183447,-0.05023947207397465,0.06354331457658018,0.2130794107078692,,,,,
5,1,base5y,fwd8,hgb,real,30931,2783,0.5994126450559409,0.013718033815408665,-0.03937467364693476,0.10472990108535772,0.169601149838304,,,,,
5,1,base5y,fwd8,hgb,shuffle,30931,2783,0.5515589244933712,0.006655745583488595,0.01780404352200565,-0.14207895969607579,0.15019762845849802,,,,,
5,1,base5y,br_canon_long,logit,real,30931,2783,,,,,,0.5670536091548413,0.4908287947180914,0.4362199065756378,0.40794223826714804,0.09953287818900466
5,1,base5y,br_canon_long,logit,shuffle,30931,2783,,,,,,0.5148104684777092,0.5209138550352117,0.4362199065756378,0.4652567975830816,0.11893639956881064
5,1,base5y,br_canon_long,hgb,real,30931,2783,,,,,,0.8701694310374303,0.5188490344745759,0.4362199065756378,0.518348623853211,0.07833273445921667
5,1,base5y,br_canon_long,hgb,shuffle,30931,2783,,,,,,0.8845981508858666,0.5002693244209525,0.4362199065756378,0.4689265536723164,0.063600431189364
5,1,base5y,br_canon_short,logit,real,30931,2783,,,,,,0.5646947570100131,0.49335800997260815,0.5422206252245778,0.5230769230769231,0.09342436219906576
5,1,base5y,br_canon_short,logit,shuffle,30931,2783,,,,,,0.5138341067800396,0.52327583426703,0.5422206252245778,0.5524193548387096,0.08911246855910887
5,1,base5y,br_canon_short,hgb,real,30931,2783,,,,,,0.8663702200854505,0.5172512803867533,0.5422206252245778,0.5296803652968036,0.07869205892921308
5,1,base5y,br_canon_short,hgb,shuffle,30931,2783,,,,,,0.8862281865965769,0.5027891260495634,0.5422206252245778,0.5364238410596026,0.05425799496945742
5,1,base5y,br_modal_long,logit,real,30931,2783,,,,,,0.6304352451411975,0.6563665268496051,0.07689543657923105,0.16085790884718498,0.13402802730865973
5,1,base5y,br_modal_long,logit,shuffle,30931,2783,,,,,,0.5365318960277036,0.5509544060563949,0.07689543657923105,0.12955465587044535,0.08875314408911247
5,1,base5y,br_modal_long,hgb,real,30931,2783,,,,,,0.9876050278485524,0.6738648806946956,0.07689543657923105,0.16233766233766234,0.05533596837944664
5,1,base5y,br_modal_long,hgb,shuffle,30931,2783,,,,,,0.9755844940151318,0.5052913421346537,0.07689543657923105,0.08677685950413223,0.08695652173913043
5,1,base5y,br_modal_short,logit,real,30931,2783,,,,,,0.619099558257769,0.6274736065616542,0.12432626661875673,0.18614718614718614,0.16600790513833993
5,1,base5y,br_modal_short,logit,shuffle,30931,2783,,,,,,0.5262522550281536,0.49149076970880046,0.12432626661875673,0.09032258064516129,0.11139058569888609
5,1,base5y,br_modal_short,hgb,real,30931,2783,,,,,,0.9800558023034486,0.5665498895875484,0.12432626661875673,0.12612612612612611,0.0797700323392023
5,1,base5y,br_modal_short,hgb,shuffle,30931,2783,,,,,,0.9680781167525837,0.46904656298253566,0.12432626661875673,0.058823529411764705,0.061085159899389146
6,1,base5y,fwd2,ridge,real,30765,2777,0.08706053186563646,-0.008555115135168177,0.0033590199025025688,0.03891731766233036,0.20309686712279437,,,,,
6,1,base5y,fwd2,ridge,shuffle,30765,2777,0.024960113643795766,-0.0027017827598134142,0.014355486834212087,0.02727499177208209,0.23082463089665106,,,,,
6,1,base5y,fwd2,hgb,real,30765,2777,0.5297308530467054,0.042540316663692485,0.04481942172487689,0.07922141749900713,0.24882967230824632,,,,,
6,1,base5y,fwd2,hgb,shuffle,30765,2777,0.5448792647776295,0.0012062977662821825,0.02676059140227002,0.02347877449983882,0.17248829672308247,,,,,
6,1,base5y,fwd4,ridge,real,30765,2777,0.10641271963928516,-0.022222261844672093,0.008133944126197099,0.07684064086377047,0.22038170687792583,,,,,
6,1,base5y,fwd4,ridge,shuffle,30765,2777,0.02316837405734937,0.02376787845160665,0.029976180535357104,0.20698880553620255,0.21462009362621534,,,,,
6,1,base5y,fwd4,hgb,real,30765,2777,0.5649913987436652,0.05098754930558452,0.08507355474448952,0.0851389150201328,0.25063017644940583,,,,,
6,1,base5y,fwd4,hgb,shuffle,30765,2777,0.5512888815684327,-0.013547926532007624,0.009968760802649053,-0.07285241110071114,0.1757292041771696,,,,,
6,1,base5y,fwd8,ridge,real,30765,2777,0.10285238427757296,-0.005901259600246593,0.006140971192062765,0.17139123055404712,0.21389989196975154,,,,,
6,1,base5y,fwd8,ridge,shuffle,30765,2777,0.027673151063255526,0.0020937247146089262,0.02167745771631039,0.004342872335714434,0.1886928339935182,,,,,
6,1,base5y,fwd8,hgb,real,30765,2777,0.5973329672540532,0.05053889473003742,0.06495140864804838,0.14381183374454057,0.25135037810586963,,,,,
6,1,base5y,fwd8,hgb,shuffle,30765,2777,0.5456067958077617,0.008544020349922899,0.024713926359481664,0.08126544647186565,0.15088224702916816,,,,,
6,1,base5y,br_canon_long,logit,real,30765,2777,,,,,,0.5640523326828732,0.48587244426322884,0.5052214620093626,0.4448818897637795,0.09146561037090385
6,1,base5y,br_canon_long,logit,shuffle,30765,2777,,,,,,0.5150358737458025,0.5150042381629716,0.5052214620093626,0.5321428571428571,0.10082823190493338
6,1,base5y,br_canon_long,hgb,real,30765,2777,,,,,,0.8720115329970766,0.5279371195639205,0.5052214620093626,0.5388888888888889,0.06481814908174288
6,1,base5y,br_canon_long,hgb,shuffle,30765,2777,,,,,,0.8764744629807821,0.4952643586575242,0.5052214620093626,0.42857142857142855,0.05797623334533669
6,1,base5y,br_canon_short,logit,real,30765,2777,,,,,,0.5622099749310497,0.4842719740244622,0.4782138998919698,0.48148148148148145,0.1166726683471372
6,1,base5y,br_canon_short,logit,shuffle,30765,2777,,,,,,0.5147103679208395,0.524570331013495,0.4782138998919698,0.5038461538461538,0.09362621534029528
6,1,base5y,br_canon_short,hgb,real,30765,2777,,,,,,0.8695687191057195,0.5191521780704599,0.4782138998919698,0.5298013245033113,0.10875045012603529
6,1,base5y,br_canon_short,hgb,shuffle,30765,2777,,,,,,0.8825844977959325,0.5005971089326249,0.4782138998919698,0.49746192893401014,0.07093986316168527
6,1,base5y,br_modal_long,logit,real,30765,2777,,,,,,0.6361359018752516,0.6315675872471005,0.11235145840835434,0.19721577726218098,0.15520345696795101
6,1,base5y,br_modal_long,logit,shuffle,30765,2777,,,,,,0.5307557185415623,0.5295729963072762,0.11235145840835434,0.12716763005780346,0.062297443284119555
6,1,base5y,br_modal_long,hgb,real,30765,2777,,,,,,0.9879949530046948,0.6705180215322204,0.11235145840835434,0.2320675105485232,0.08534389629096147
6,1,base5y,br_modal_long,hgb,shuffle,30765,2777,,,,,,0.9783549826665996,0.48332943256878347,0.11235145840835434,0.09502262443438914,0.079582283039251
6,1,base5y,br_modal_short,logit,real,30765,2777,,,,,,0.6279108158326039,0.5490300459718438,0.11919337414476053,0.1608832807570978,0.22830392509902772
6,1,base5y,br_modal_short,logit,shuffle,30765,2777,,,,,,0.5287194084287782,0.4962797637427652,0.11919337414476053,0.07909604519774012,0.06373784659704718
6,1,base5y,br_modal_short,hgb,real,30765,2777,,,,,,0.9732654932950051,0.5481617438175157,0.11919337414476053,0.13904761904761906,0.1890529348217501
6,1,base5y,br_modal_short,hgb,shuffle,30765,2777,,,,,,0.9645718219226855,0.469916974010222,0.11919337414476053,0.1349206349206349,0.045372704357220024
7,2,base5y,fwd2,ridge,real,30605,2790,0.0837993077339807,0.029063383689490394,0.029137582738379388,0.005241284266791584,0.2057347670250896,,,,,
7,2,base5y,fwd2,ridge,shuffle,30605,2790,0.020528130103973603,-0.005856613895274379,0.008699945396647734,-0.0162365834496425,0.16487455197132617,,,,,
7,2,base5y,fwd2,hgb,real,30605,2790,0.5390470128238171,0.05912153282173428,0.05225108535010397,0.15011832206039746,0.22043010752688172,,,,,
7,2,base5y,fwd2,hgb,shuffle,30605,2790,0.5441840634633839,0.007363711061996834,0.006576852863685551,0.0666762475449922,0.16953405017921147,,,,,
7,2,base5y,fwd4,ridge,real,30605,2790,0.09531035683423615,0.00689866487085797,0.056902180438996204,-0.01493006084275793,0.22652329749103942,,,,,
7,2,base5y,fwd4,ridge,shuffle,30605,2790,0.02275248906504852,-0.04732329135924871,-0.02468548464525485,-0.13662951039249127,0.17777777777777778,,,,,
7,2,base5y,fwd4,hgb,real,30605,2790,0.5665448580575758,0.05510049521176689,0.060514384277090376,0.15928582648783987,0.2129032258064516,,,,,
7,2,base5y,fwd4,hgb,shuffle,30605,2790,0.5482551454985162,0.0154498269864886,0.009463015366367948,-0.04171357126599407,0.16164874551971326,,,,,
7,2,base5y,fwd8,ridge,real,30605,2790,0.09286426089040926,0.016279524464877296,-0.00837047234604148,-0.08758775375414159,0.22078853046594982,,,,,
7,2,base5y,fwd8,ridge,shuffle,30605,2790,0.021128222209868767,-0.03463422145609281,-0.06426076614478737,-0.08060452685779974,0.1767025089605735,,,,,
7,2,base5y,fwd8,hgb,real,30605,2790,0.5983836835740037,0.049404394641528994,0.11458639319863993,0.30999938064323324,0.24014336917562723,,,,,
7,2,base5y,fwd8,hgb,shuffle,30605,2790,0.5612589361691139,-0.04623693058904959,-0.029930148013614627,-0.13318702883771077,0.14767025089605734,,,,,
7,2,base5y,br_canon_long,logit,real,30605,2790,,,,,,0.5579382504819388,0.4959281125374006,0.4831541218637993,0.4975609756097561,0.07347670250896057
7,2,base5y,br_canon_long,logit,shuffle,30605,2790,,,,,,0.5132941340471515,0.49085150034776953,0.4831541218637993,0.4895397489539749,0.08566308243727598
7,2,base5y,br_canon_long,hgb,real,30605,2790,,,,,,0.8732752419563692,0.5464755923400156,0.4831541218637993,0.5735294117647058,0.04874551971326165
7,2,base5y,br_canon_long,hgb,shuffle,30605,2790,,,,,,0.8868378470071532,0.5092940895640328,0.4831541218637993,0.532608695652174,0.06594982078853047
7,2,base5y,br_canon_short,logit,real,30605,2790,,,,,,0.5545843358384746,0.4795102097917923,0.48494623655913977,0.44358974358974357,0.13978494623655913
7,2,base5y,br_canon_short,logit,shuffle,30605,2790,,,,,,0.5127655768041781,0.47558121054734936,0.48494623655913977,0.441747572815534,0.14767025089605734
7,2,base5y,br_canon_short,hgb,real,30605,2790,,,,,,0.8715785551705764,0.5442041989218526,0.48494623655913977,0.5679611650485437,0.07383512544802867
7,2,base5y,br_canon_short,hgb,shuffle,30605,2790,,,,,,0.8882253106003409,0.5237486119404751,0.48494623655913977,0.5128205128205128,0.06989247311827956
7,2,base5y,br_modal_long,logit,real,30605,2790,,,,,,0.6413428130246919,0.5209756002272472,0.08637992831541219,0.08685446009389672,0.15268817204301074
7,2,base5y,br_modal_long,logit,shuffle,30605,2790,,,,,,0.5308680135921091,0.44119164785148846,0.08637992831541219,0.06422018348623854,0.11720430107526882
7,2,base5y,br_modal_long,hgb,real,30605,2790,,,,,,0.9852686428414289,0.5579293157026838,0.08637992831541219,0.11842105263157894,0.13620071684587814
7,2,base5y,br_modal_long,hgb,shuffle,30605,2790,,,,,,0.9777398946068698,0.4838656116058856,0.08637992831541219,0.10043668122270742,0.08207885304659499
7,2,base5y,br_modal_short,logit,real,30605,2790,,,,,,0.6316324804149664,0.712928682389493,0.13082437275985664,0.26917057902973396,0.22903225806451613
7,2,base5y,br_modal_short,logit,shuffle,30605,2790,,,,,,0.5229477706726173,0.5586691145318458,0.13082437275985664,0.13360323886639677,0.0885304659498208
7,2,base5y,br_modal_short,hgb,real,30605,2790,,,,,,0.9734121774714141,0.6314859483123852,0.13082437275985664,0.26256983240223464,0.1924731182795699
7,2,base5y,br_modal_short,hgb,shuffle,30605,2790,,,,,,0.9688964044943669,0.5269978816551335,0.13082437275985664,0.13930348258706468,0.07204301075268817
8,2,base5y,fwd2,ridge,real,30485,2764,0.07712048029737115,0.017807783193502038,0.007068947612761172,-0.05014093757660185,0.19066570188133142,,,,,
8,2,base5y,fwd2,ridge,shuffle,30485,2764,0.02812640392825434,-0.023650565958317306,-0.047741559873078154,-0.011977712786549851,0.19645441389290882,,,,,
8,2,base5y,fwd2,hgb,real,30485,2764,0.5324483276451614,0.028271746849183484,0.025158037439221344,-0.030090956157516786,0.20007235890014471,,,,,
8,2,base5y,fwd2,hgb,shuffle,30485,2764,0.5371602073506859,-0.011848262488215093,-0.007446700197282752,-0.006807383749582587,0.18668596237337193,,,,,
8,2,base5y,fwd4,ridge,real,30485,2764,0.08553363833326859,0.03504763090705055,0.06990006055710236,-0.07448973957985124,0.19464544138929088,,,,,
8,2,base5y,fwd4,ridge,shuffle,30485,2764,0.022258872898815847,-0.022920183030202202,-0.061369188870287354,-0.14774038618748778,0.18234442836468887,,,,,
8,2,base5y,fwd4,hgb,real,30485,2764,0.5583385286405383,0.04988091603902655,0.038257992881504596,-0.04977323530039667,0.20513748191027498,,,,,
8,2,base5y,fwd4,hgb,shuffle,30485,2764,0.5443978553512575,-0.016816814587018378,0.021331861403784937,0.02492842070211465,0.15014471780028943,,,,,
8,2,base5y,fwd8,ridge,real,30485,2764,0.09001284542494913,0.05634602996028677,0.13511933520592098,-0.08488771967378242,0.1678726483357453,,,,,
8,2,base5y,fwd8,ridge,shuffle,30485,2764,0.0246349731638904,0.09200919363347836,-0.0660666959858179,0.2536355023193211,0.22141823444283648,,,,,
8,2,base5y,fwd8,hgb,real,30485,2764,0.6006280538836555,0.05003247940900544,0.05199979755109796,0.2818062925374925,0.18958031837916064,,,,,
8,2,base5y,fwd8,hgb,shuffle,30485,2764,0.5438054515080936,0.05079056821932799,0.0856538200612666,0.0667143064441774,0.1740231548480463,,,,,
8,2,base5y,br_canon_long,logit,real,30485,2764,,,,,,0.5519330218203572,0.5266015561559699,0.45803183791606367,0.5753424657534246,0.052821997105643996
8,2,base5y,br_canon_long,logit,shuffle,30485,2764,,,,,,0.5171632749705435,0.5066133464946416,0.45803183791606367,0.475,0.11577424023154848
8,2,base5y,br_canon_long,hgb,real,30485,2764,,,,,,0.878159409922967,0.5415140144732208,0.45803183791606367,0.636986301369863,0.052821997105643996
8,2,base5y,br_canon_long,hgb,shuffle,30485,2764,,,,,,0.8809349208249069,0.4944132988270828,0.45803183791606367,0.5029940119760479,0.06041968162083936
8,2,base5y,br_canon_short,logit,real,30485,2764,,,,,,0.5503090775065271,0.5314953552664334,0.5155571635311144,0.4619883040935672,0.12373371924746744
8,2,base5y,br_canon_short,logit,shuffle,30485,2764,,,,,,0.5163523504415604,0.49909935406103006,0.5155571635311144,0.46153846153846156,0.10817655571635311
8,2,base5y,br_canon_short,hgb,real,30485,2764,,,,,,0.8816541737481516,0.5503483877730173,0.5155571635311144,0.5507246376811594,0.07489146164978293
8,2,base5y,br_canon_short,hgb,shuffle,30485,2764,,,,,,0.8819367140404255,0.5087226655136722,0.5155571635311144,0.44086021505376344,0.06729377713458755
8,2,base5y,br_modal_long,logit,real,30485,2764,,,,,,0.6503541678822875,0.5524127544082034,0.07344428364688857,0.07598039215686274,0.1476121562952243
8,2,base5y,br_modal_long,logit,shuffle,30485,2764,,,,,,0.525389829792957,0.5345202670600885,0.07344428364688857,0.05747126436781609,0.09442836468885674
8,2,base5y,br_modal_long,hgb,real,30485,2764,,,,,,0.9865211669592595,0.4757378102380728,0.07344428364688857,0.06629834254143646,0.0654848046309696
8,2,base5y,br_modal_long,hgb,shuffle,30485,2764,,,,,,0.9812198020920491,0.4837934689151213,0.07344428364688857,0.07216494845360824,0.07018813314037627
8,2,base5y,br_modal_short,logit,real,30485,2764,,,,,,0.6229665423779825,0.6187768514729951,0.11577424023154848,0.18487394957983194,0.21526772793053545
8,2,base5y,br_modal_short,logit,shuffle,30485,2764,,,,,,0.517766147775344,0.5194634819967267,0.11577424023154848,0.0924092409240924,0.10962373371924747
8,2,base5y,br_modal_short,hgb,real,30485,2764,,,,,,0.9704543169417181,0.6283692205400981,0.11577424023154848,0.20809248554913296,0.1251808972503618
8,2,base5y,br_modal_short,hgb,shuffle,30485,2764,,,,,,0.960593152418056,0.534854490589198,0.11577424023154848,0.10119047619047619,0.060781476121562955
9,2,base5y,fwd2,ridge,real,30342,2747,0.07200260569526738,0.08308708732178419,0.04216781669114469,0.09699768690493533,0.1965780851838369,,,,,
9,2,base5y,fwd2,ridge,shuffle,30342,2747,0.029516125566362603,0.05414365818966288,0.05417334085341531,0.07937226535478342,0.19767018565708044,,,,,
9,2,base5y,fwd2,hgb,real,30342,2747,0.5308822438935983,0.04983384295044627,0.05687898844601176,0.11241454867716201,0.17619220968329086,,,,,
9,2,base5y,fwd2,hgb,shuffle,30342,2747,0.552911667964802,0.029243206776243015,0.050724189106622124,0.09615803767933534,0.1488896978522024,,,,,
9,2,base5y,fwd4,ridge,real,30342,2747,0.07837124781119083,0.10686328885649217,0.07903777953230944,0.24339498717488353,0.19293775027302512,,,,,
9,2,base5y,fwd4,ridge,shuffle,30342,2747,0.029973022081665572,0.03852344761659927,0.04785073756059982,0.12242168351849549,0.19985438660356752,,,,,
9,2,base5y,fwd4,hgb,real,30342,2747,0.5647545131315456,0.06942423420702154,0.0899153511399376,0.24328247566513406,0.19111758281761923,,,,,
9,2,base5y,fwd4,hgb,shuffle,30342,2747,0.5463127083535817,-0.03542000123354832,-0.06926443929318099,-0.016794864496862585,0.16527120495085548,,,,,
9,2,base5y,fwd8,ridge,real,30342,2747,0.08125169740785722,0.09605201101541444,0.12218673872514434,0.3631534075409567,0.1933017837641063,,,,,
9,2,base5y,fwd8,ridge,shuffle,30342,2747,0.026581795887208017,0.041104006225636466,0.14535993872660402,0.07800905868869021,0.21368765926465236,,,,,
9,2,base5y,fwd8,hgb,real,30342,2747,0.5942078274370429,0.07216589208237074,0.15553250591111073,0.4895174908496805,0.17619220968329086,,,,,
9,2,base5y,fwd8,hgb,shuffle,30342,2747,0.5527279123655389,-0.01850603478914469,-0.03190945942746548,-0.24829114362460572,0.14488532945030944,,,,,
9,2,base5y,br_canon_long,logit,real,30342,2747,,,,,,0.5468697840325482,0.5551740073001716,0.46705496905715327,0.5209580838323353,0.06079359301055697
9,2,base5y,br_canon_long,logit,shuffle,30342,2747,,,,,,0.5116409696890647,0.4950018953187756,0.46705496905715327,0.4533333333333333,0.10921004732435384
9,2,base5y,br_canon_long,hgb,real,30342,2747,,,,,,0.8766100651399725,0.5239438389362363,0.46705496905715327,0.4887640449438202,0.06479796141244995
9,2,base5y,br_canon_long,hgb,shuffle,30342,2747,,,,,,0.8835910940844591,0.4934361277572629,0.46705496905715327,0.43884892086330934,0.05060065526028395
9,2,base5y,br_canon_short,logit,real,30342,2747,,,,,,0.543390278921281,0.5568592029056953,0.5001820167455406,0.5807560137457045,0.10593374590462322
9,2,base5y,br_canon_short,logit,shuffle,30342,2747,,,,,,0.5111498583871784,0.4899591943183734,0.5001820167455406,0.45147679324894513,0.08627593738623954
9,2,base5y,br_canon_short,hgb,real,30342,2747,,,,,,0.8834019333818239,0.5409244199052002,0.5001820167455406,0.6185567010309279,0.07062249726974881
9,2,base5y,br_canon_short,hgb,shuffle,30342,2747,,,,,,0.888781855931119,0.4881611575285899,0.5001820167455406,0.5,0.058245358572988716
9,2,base5y,br_modal_long,logit,real,30342,2747,,,,,,0.6354245473518602,0.5412722019206255,0.1044776119402985,0.12987012987012986,0.11212231525300327
9,2,base5y,br_modal_long,logit,shuffle,30342,2747,,,,,,0.5357640678017137,0.4860598849890938,0.1044776119402985,0.0706713780918728,0.10302147797597379
9,2,base5y,br_modal_long,hgb,real,30342,2747,,,,,,0.9862744399884825,0.6016699243647489,0.1044776119402985,0.1210762331838565,0.08117946851110303
9,2,base5y,br_modal_long,hgb,shuffle,30342,2747,,,,,,0.9802366774375062,0.4816025041783519,0.1044776119402985,0.12149532710280374,0.0779031670913724
9,2,base5y,br_modal_short,logit,real,30342,2747,,,,,,0.6348727241664478,0.6549542508767341,0.08773207135056425,0.21476510067114093,0.1627229705132872
9,2,base5y,br_modal_short,logit,shuffle,30342,2747,,,,,,0.5223003297632999,0.6515019554728404,0.08773207135056425,0.17355371900826447,0.13214415726246814
9,2,base5y,br_modal_short,hgb,real,30342,2747,,,,,,0.9668882420037888,0.6743847959916947,0.08773207135056425,0.20689655172413793,0.09501274117218785
9,2,base5y,br_modal_short,hgb,shuffle,30342,2747,,,,,,0.959288109030024,0.5126219893831567,0.08773207135056425,0.12307692307692308,0.07098653076083
10,2,base5y,fwd2,ridge,real,30199,2751,0.06954932154884345,0.009508571935786565,0.011954778900501466,0.12571017103737434,0.20065430752453653,,,,,
10,2,base5y,fwd2,ridge,shuffle,30199,2751,0.022607055161477787,0.005379385393587417,0.02045255272625808,0.031097048601242898,0.1613958560523446,,,,,
10,2,base5y,fwd2,hgb,real,30199,2751,0.5346162904283787,0.07178331481229583,0.049730286599355585,0.1426908802787836,0.12649945474372956,,,,,
10,2,base5y,fwd2,hgb,shuffle,30199,2751,0.5341103939785167,0.002618723500891085,0.009907598228019752,0.011603705069739553,0.1381315885132679,,,,,
10,2,base5y,fwd4,ridge,real,30199,2751,0.07550260344962156,0.006898385787831909,0.009380380028107316,0.08003640458179391,0.1875681570338059,,,,,
10,2,base5y,fwd4,ridge,shuffle,30199,2751,0.02332634712406177,0.04544290140890532,0.06513249438609675,0.05289264972451945,0.17302798982188294,,,,,
10,2,base5y,fwd4,hgb,real,30199,2751,0.5774912439992524,0.04993403782441595,0.05645270952176045,0.17000300450199826,0.11995637949836423,,,,,
10,2,base5y,fwd4,hgb,shuffle,30199,2751,0.5522386582086909,0.014575395224338948,0.010814703740842356,0.2559827189385883,0.11813885859687387,,,,,
10,2,base5y,fwd8,ridge,real,30199,2751,0.08175654396587098,0.006311136715228673,0.016836247080199405,0.06704140368439056,0.20319883678662304,,,,,
10,2,base5y,fwd8,ridge,shuffle,30199,2751,0.033282412885736634,0.013343985235428518,-0.007071284784688409,-0.07037772226190006,0.16539440203562342,,,,,
10,2,base5y,fwd8,hgb,real,30199,2751,0.6022166440807425,0.0697754454847478,0.12111824332176632,0.47003574131224474,0.08687749909123955,,,,,
10,2,base5y,fwd8,hgb,shuffle,30199,2751,0.5634844457612794,-0.00940745859856458,-0.01979948442764578,-0.09295774924696519,0.1297709923664122,,,,,
10,2,base5y,br_canon_long,logit,real,30199,2751,,,,,,0.5434608005007338,0.48340587854060957,0.49363867684478374,0.4755700325732899,0.11159578335150855
10,2,base5y,br_canon_long,logit,shuffle,30199,2751,,,,,,0.5138279810950372,0.5012581316005654,0.49363867684478374,0.5131964809384164,0.12395492548164304
10,2,base5y,br_canon_long,hgb,real,30199,2751,,,,,,0.8813823307123838,0.5232273295786739,0.49363867684478374,0.5280898876404494,0.06470374409305707
10,2,base5y,br_canon_long,hgb,shuffle,30199,2751,,,,,,0.88967432426994,0.49368608242136414,0.49363867684478374,0.4838709677419355,0.06761177753544166
10,2,base5y,br_canon_short,logit,real,30199,2751,,,,,,0.5404471583411292,0.4856684715891248,0.49182115594329334,0.45374449339207046,0.08251544892766267
10,2,base5y,br_canon_short,logit,shuffle,30199,2751,,,,,,0.513760906148538,0.5032847051061224,0.49182115594329334,0.4722222222222222,0.10468920392584515
10,2,base5y,br_canon_short,hgb,real,30199,2751,,,,,,0.8837135199437307,0.5298991167828182,0.49182115594329334,0.5620437956204379,0.04980007270083606
10,2,base5y,br_canon_short,hgb,shuffle,30199,2751,,,,,,0.889263990318338,0.5107814246304774,0.49182115594329334,0.42142857142857143,0.05089058524173028
10,2,base5y,br_modal_long,logit,real,30199,2751,,,,,,0.6282166175847854,0.6295876408000564,0.11922937113776809,0.3684210526315789,0.013813158851326791
10,2,base5y,br_modal_long,logit,shuffle,30199,2751,,,,,,0.5320382181165828,0.453515849128776,0.11922937113776809,0.058823529411764705,0.09887313704107598
10,2,base5y,br_modal_long,hgb,real,30199,2751,,,,,,0.986631365312763,0.6640465357398105,0.11922937113776809,0.15,0.05089058524173028
10,2,base5y,br_modal_long,hgb,shuffle,30199,2751,,,,,,0.9801070441447387,0.493132379734858,0.11922937113776809,0.07834101382488479,0.07888040712468193
10,2,base5y,br_modal_short,logit,real,30199,2751,,,,,,0.6322776124333419,0.647850539921466,0.06942929843693202,0.1891891891891892,0.05379861868411487
10,2,base5y,br_modal_short,logit,shuffle,30199,2751,,,,,,0.5295790527243425,0.5191038121727748,0.06942929843693202,0.06451612903225806,0.07888040712468193
10,2,base5y,br_modal_short,hgb,real,30199,2751,,,,,,0.9699178727506143,0.6556794011780105,0.06942929843693202,0.1016949152542373,0.021446746637586334
10,2,base5y,br_modal_short,hgb,shuffle,30199,2751,,,,,,0.9563917674631113,0.5674860929319372,0.06942929843693202,0.07216494845360824,0.07051981097782624
11,2,base5y,fwd2,ridge,real,30035,2744,0.07172034217966411,0.027110015685344817,0.01616818060299182,0.10999409304623543,0.20116618075801748,,,,,
11,2,base5y,fwd2,ridge,shuffle,30035,2744,0.022431264136108717,-0.018911317319857956,-0.029069244074915384,0.026544375640611014,0.18403790087463556,,,,,
11,2,base5y,fwd2,hgb,real,30035,2744,0.5315074272401857,0.08240149997763616,0.09293330506979515,0.07052133823158355,0.18549562682215742,,,,,
11,2,base5y,fwd2,hgb,shuffle,30035,2744,0.5304954556439684,-0.028726631376949526,-0.03145060296170118,0.05403755539018919,0.14868804664723032,,,,,
11,2,base5y,fwd4,ridge,real,30035,2744,0.07906079564014726,0.04153231283167952,0.017097144014079965,0.24234240737664386,0.21027696793002915,,,,,
11,2,base5y,fwd4,ridge,shuffle,30035,2744,0.023576961729567972,-0.07393268984519295,-0.12165330938124366,-0.14308608190205446,0.19752186588921283,,,,,
11,2,base5y,fwd4,hgb,real,30035,2744,0.5599096769178444,0.07301500165991515,0.11384696518801242,0.19202355307480584,0.17128279883381925,,,,,
11,2,base5y,fwd4,hgb,shuffle,30035,2744,0.5491489721484849,-0.00813369023231627,-0.005345356586014384,-0.0415911574735603,0.15014577259475217,,,,,
11,2,base5y,fwd8,ridge,real,30035,2744,0.08852237448872946,0.06287995541197249,0.016998902436731547,0.42391231405997926,0.2193877551020408,,,,,
11,2,base5y,fwd8,ridge,shuffle,30035,2744,0.02411616519654054,-0.04055144136849727,0.002849970944833908,0.05957245133438623,0.21100583090379008,,,,,
11,2,base5y,fwd8,hgb,real,30035,2744,0.6044712231707433,0.1576739952585668,0.3025256319106838,0.7063955054088615,0.17966472303206998,,,,,
11,2,base5y,fwd8,hgb,shuffle,30035,2744,0.5585420577536806,0.03671318267031776,0.05105126074012192,0.2491235206159328,0.13119533527696792,,,,,
11,2,base5y,br_canon_long,logit,real,30035,2744,,,,,,0.5434070059517893,0.5395515361889358,0.4784985422740525,0.5580110497237569,0.06596209912536444
11,2,base5y,br_canon_long,logit,shuffle,30035,2744,,,,,,0.5195695023600146,0.4917039357540012,0.4784985422740525,0.4553314121037464,0.12645772594752186
11,2,base5y,br_canon_long,hgb,real,30035,2744,,,,,,0.8870190071861062,0.5605004622378058,0.4784985422740525,0.6161616161616161,0.07215743440233237
11,2,base5y,br_canon_long,hgb,shuffle,30035,2744,,,,,,0.8840505216139151,0.4837242795397101,0.4784985422740525,0.4583333333333333,0.052478134110787174
11,2,base5y,br_canon_short,logit,real,30035,2744,,,,,,0.5417563631694322,0.5109218117489561,0.500728862973761,0.5378378378378378,0.1348396501457726
11,2,base5y,br_canon_short,logit,shuffle,30035,2744,,,,,,0.5209891745356994,0.4916552449558538,0.500728862973761,0.5120274914089347,0.10604956268221574
11,2,base5y,br_canon_short,hgb,real,30035,2744,,,,,,0.8864671501970307,0.5394729013270434,0.500728862973761,0.4830508474576271,0.043002915451895045
11,2,base5y,br_canon_short,hgb,shuffle,30035,2744,,,,,,0.885386397852213,0.5005137113653991,0.500728862973761,0.4772727272727273,0.0641399416909621
11,2,base5y,br_modal_long,logit,real,30035,2744,,,,,,0.6300343554220218,0.6896463269261031,0.06596209912536444,0.13850415512465375,0.1315597667638484
11,2,base5y,br_modal_long,logit,shuffle,30035,2744,,,,,,0.529244111010862,0.45983319788835164,0.06596209912536444,0.046511627906976744,0.1096938775510204
11,2,base5y,br_modal_long,hgb,real,30035,2744,,,,,,0.985780144864231,0.653826338695805,0.06596209912536444,0.1461038961038961,0.11224489795918367
11,2,base5y,br_modal_long,hgb,shuffle,30035,2744,,,,,,0.9769742027245428,0.4521031336292285,0.06596209912536444,0.049019607843137254,0.07434402332361516
11,2,base5y,br_modal_short,logit,real,30035,2744,,,,,,0.6388473785403336,0.6110394245552383,0.08454810495626822,0.16467780429594273,0.15269679300291544
11,2,base5y,br_modal_short,logit,shuffle,30035,2744,,,,,,0.5178233876500963,0.5570365692949704,0.08454810495626822,0.10674157303370786,0.12973760932944606
11,2,base5y,br_modal_short,hgb,real,30035,2744,,,,,,0.9683218933921204,0.6027344607950802,0.08454810495626822,0.10676156583629894,0.10240524781341108
11,2,base5y,br_modal_short,hgb,shuffle,30035,2744,,,,,,0.9573748754889176,0.533592205688557,0.08454810495626822,0.07333333333333333,0.05466472303206997
11,2,wide10y,fwd2,ridge,real,61249,2744,0.06924124815293127,0.043169265903176504,0.044869675604265344,0.09538727374910984,0.18075801749271136,,,,,
11,2,wide10y,fwd2,hgb,real,61249,2744,0.4184709636325594,0.08923399071366578,0.06718841934134134,0.15826102991801305,0.2401603498542274,,,,,
11,2,wide10y,fwd4,ridge,real,61249,2744,0.07985321850739939,0.06443701906814407,0.0751206917540806,0.2888600163268423,0.19752186588921283,,,,,
11,2,wide10y,fwd4,hgb,real,61249,2744,0.43842673728175496,0.11213977555345638,0.13709006496963186,0.24414279176248194,0.2423469387755102,,,,,
11,2,wide10y,fwd8,ridge,real,61249,2744,0.08669754707277741,0.07079683820276103,0.10111770912297995,0.3090181910576593,0.2066326530612245,,,,,
11,2,wide10y,fwd8,hgb,real,61249,2744,0.4711790367406803,0.14106532846827036,0.2705727445706625,0.5535502763589767,0.24927113702623907,,,,,
11,2,wide10y,br_canon_long,logit,real,61249,2744,,,,,,0.5491286475095798,0.54093425791539,0.4784985422740525,0.5263157894736842,0.0761661807580175
11,2,wide10y,br_canon_long,hgb,real,61249,2744,,,,,,0.7873822647269519,0.5766721326220672,0.4784985422740525,0.6859504132231405,0.08819241982507289
11,2,wide10y,br_canon_short,logit,real,61249,2744,,,,,,0.5491090621131206,0.5170087867486904,0.500728862973761,0.5766016713091922,0.13083090379008747
11,2,wide10y,br_canon_short,hgb,real,61249,2744,,,,,,0.788753366023871,0.5801028485215525,0.500728862973761,0.5060240963855421,0.060495626822157436
11,2,wide10y,br_modal_long,logit,real,61249,2744,,,,,,0.6393810534241967,0.6845849240035093,0.06596209912536444,0.13533834586466165,0.14540816326530612
11,2,wide10y,br_modal_long,hgb,real,61249,2744,,,,,,0.9374275679776197,0.6620543518795955,0.06596209912536444,0.15242494226327943,0.15779883381924198
11,2,wide10y,br_modal_short,logit,real,61249,2744,,,,,,0.6313667736851544,0.6341303124313639,0.08454810495626822,0.1452513966480447,0.1956997084548105
11,2,wide10y,br_modal_short,hgb,real,61249,2744,,,,,,0.9177447194649679,0.650131094882495,0.08454810495626822,0.13606911447084233,0.16873177842565598
12,2,base5y,fwd2,ridge,real,29866,2743,0.06310888285534892,0.013323289684571254,0.0005470873993091146,0.07629046248489406,0.20998906306963178,,,,,
12,2,base5y,fwd2,ridge,shuffle,29866,2743,0.022897873211937255,0.029005033990548258,0.05277697566049665,0.019496526049873227,0.16405395552314983,,,,,
12,2,base5y,fwd2,hgb,real,29866,2743,0.5366685819579777,0.05823862743578664,0.061770402649583465,0.14103383088583396,0.2551950419248997,,,,,
12,2,base5y,fwd2,hgb,shuffle,29866,2743,0.5392873194796403,-0.008822605257390433,-0.02203954689334608,-0.03781112850339736,0.17426175720014583,,,,,
12,2,base5y,fwd4,ridge,real,29866,2743,0.07328790696768592,0.050048224178230905,0.01685887128563864,0.21741725711768536,0.22457163689391177,,,,,
12,2,base5y,fwd4,ridge,shuffle,29866,2743,0.030585768018412205,-0.018257276132042415,0.012119109185847883,-0.07867205875879704,0.15129420342690486,,,,,
12,2,base5y,fwd4,hgb,real,29866,2743,0.5633597767401175,0.060742565269960476,0.0721070528925298,0.27663877953587457,0.2777980313525337,,,,,
12,2,base5y,fwd4,hgb,shuffle,29866,2743,0.5552783538761427,-0.051711571826770775,-0.07647856411955037,0.02258026891093157,0.17389719285453883,,,,,
12,2,base5y,fwd8,ridge,real,29866,2743,0.08741945158958914,0.04348266569693247,-0.031298940367949966,0.37690093997264185,0.22639445862194676,,,,,
12,2,base5y,fwd8,ridge,shuffle,29866,2743,0.02884210469801465,-0.06951779024630794,-0.09316033765812763,-0.17845634189458565,0.2103536274152388,,,,,
12,2,base5y,fwd8,hgb,real,29866,2743,0.6008730283027045,0.05299754312177373,0.09478266988664537,0.2418332436911967,0.23332118118847978,,,,,
12,2,base5y,fwd8,hgb,shuffle,29866,2743,0.5695586962904455,-0.01804060738539671,-0.031959870692701724,-0.01996836884880173,0.13488880787458987,,,,,
12,2,base5y,br_canon_long,logit,real,29866,2743,,,,,,0.5376838631664704,0.5129353260291458,0.4896099161502005,0.45751633986928103,0.05577834487787094
12,2,base5y,br_canon_long,logit,shuffle,29866,2743,,,,,,0.5158874015028037,0.5139017125837676,0.4896099161502005,0.5543478260869565,0.06707983959168794
12,2,base5y,br_canon_long,hgb,real,29866,2743,,,,,,0.8885789142676257,0.5383560259546857,0.4896099161502005,0.5161290322580645,0.045205978855267955
12,2,base5y,br_canon_long,hgb,shuffle,29866,2743,,,,,,0.8918194217577815,0.4920747792788001,0.4896099161502005,0.5301204819277109,0.06051768137076194
12,2,base5y,br_canon_short,logit,real,29866,2743,,,,,,0.5384039169427749,0.5058114923750752,0.4910681735326285,0.5757575757575758,0.13233685745534088
12,2,base5y,br_canon_short,logit,shuffle,29866,2743,,,,,,0.5181889480658255,0.5102392454419563,0.4910681735326285,0.4864864864864865,0.12139992708713088
12,2,base5y,br_canon_short,hgb,real,29866,2743,,,,,,0.892172204347164,0.5383724417840345,0.4910681735326285,0.5658536585365853,0.07473569084943492
12,2,base5y,br_canon_short,hgb,shuffle,29866,2743,,,,,,0.888474116682425,0.4984896926843692,0.4910681735326285,0.5025641025641026,0.07109004739336493
12,2,base5y,br_modal_long,logit,real,29866,2743,,,,,,0.6322915707701249,0.6329517906829554,0.0987969376594969,0.1487279843444227,0.1862923806051768
12,2,base5y,br_modal_long,logit,shuffle,29866,2743,,,,,,0.5302194497897488,0.4797928683170327,0.0987969376594969,0.08835341365461848,0.09077652205614291
12,2,base5y,br_modal_long,hgb,real,29866,2743,,,,,,0.9863854925470501,0.6369582870585988,0.0987969376594969,0.16584158415841585,0.14728399562522784
12,2,base5y,br_modal_long,hgb,shuffle,29866,2743,,,,,,0.9745571749117292,0.5000910567358101,0.0987969376594969,0.07722007722007722,0.0944221655122129
12,2,base5y,br_modal_short,logit,real,29866,2743,,,,,,0.6464361721781379,0.6375655884218416,0.07473569084943492,0.14078674948240166,0.17608457892818083
12,2,base5y,br_modal_short,logit,shuffle,29866,2743,,,,,,0.5215886409779236,0.549683830171635,0.07473569084943492,0.08058608058608059,0.0995260663507109
12,2,base5y,br_modal_short,hgb,real,29866,2743,,,,,,0.9684053378976613,0.6273635856925945,0.07473569084943492,0.10981308411214953,0.15603353991979585
12,2,base5y,br_modal_short,hgb,shuffle,29866,2743,,,,,,0.9639628287939849,0.4438005727575006,0.07473569084943492,0.05732484076433121,0.05723660226029894
12,2,wide10y,fwd2,ridge,real,61090,2743,0.068022294759089,0.012741000120900424,0.028449756248840122,0.10854071626727321,0.17681370761939483,,,,,
12,2,wide10y,fwd2,hgb,real,61090,2743,0.4222083564107517,0.06732966720899176,0.04745030181967577,0.16796984381220195,0.2810791104629967,,,,,
12,2,wide10y,fwd4,ridge,real,61090,2743,0.07663056321019587,0.04194633448592915,0.06105614258561457,0.1717015508785134,0.19248997448049582,,,,,
12,2,wide10y,fwd4,hgb,real,61090,2743,0.4402976157761794,0.03179092566080129,0.03985059407280721,0.2015262923087084,0.3197229310973387,,,,,
12,2,wide10y,fwd8,ridge,real,61090,2743,0.08188839968403859,0.03426012572987032,0.04906182325954638,0.23335799321772563,0.2041560335399198,,,,,
12,2,wide10y,fwd8,hgb,real,61090,2743,0.47302076000585475,0.15476306221240058,0.27637649955103316,0.6427791614874362,0.3120670798395917,,,,,
12,2,wide10y,br_canon_long,logit,real,61090,2743,,,,,,0.5463130027295477,0.5142447611956176,0.4896099161502005,0.5025125628140703,0.07254830477579292
12,2,wide10y,br_canon_long,hgb,real,61090,2743,,,,,,0.788220522655094,0.5605579193702798,0.4896099161502005,0.6131386861313869,0.04994531534815895
12,2,wide10y,br_canon_short,logit,real,61090,2743,,,,,,0.5468014463620001,0.5160549922038362,0.4910681735326285,0.5666666666666667,0.10936930368209989
12,2,wide10y,br_canon_short,hgb,real,61090,2743,,,,,,0.789630558744961,0.5564461405266505,0.4910681735326285,0.5693430656934306,0.0998906306963179
12,2,wide10y,br_modal_long,logit,real,61090,2743,,,,,,0.6403792928071335,0.63293835608259,0.0987969376594969,0.11777777777777777,0.16405395552314983
12,2,wide10y,br_modal_long,hgb,real,61090,2743,,,,,,0.9390187856957636,0.6885531233953116,0.0987969376594969,0.20913884007029876,0.20743711265038278
12,2,wide10y,br_modal_short,logit,real,61090,2743,,,,,,0.6310135113788925,0.6308789329028042,0.07473569084943492,0.14186851211072665,0.2107181917608458
12,2,wide10y,br_modal_short,hgb,real,61090,2743,,,,,,0.9150655769581164,0.608191585461954,0.07473569084943492,0.09536423841059603,0.27524608093328473
13,3,base5y,fwd2,ridge,real,29723,2761,0.06117610469479228,0.02909867486404395,0.02378991057024717,0.022432886388555135,0.22745382107931908,,,,,
13,3,base5y,fwd2,ridge,shuffle,29723,2761,0.013630177222202207,0.028970691378786544,0.018833488350656714,0.03210769067410112,0.1629844259326331,,,,,
13,3,base5y,fwd2,hgb,real,29723,2761,0.5402152807120117,0.05496068520336402,0.0535948323101288,0.15832851158085548,0.2600507062658457,,,,,
13,3,base5y,fwd2,hgb,shuffle,29723,2761,0.534469141448176,-0.011807998648264697,-0.0175304977838309,0.0008810310868319941,0.16841724013038753,,,,,
13,3,base5y,fwd4,ridge,real,29723,2761,0.07358228797541459,0.04261936008397332,0.03799980619854356,0.10754843923947102,0.2289025715320536,,,,,
13,3,base5y,fwd4,ridge,shuffle,29723,2761,0.020422911542183512,0.028860184992209565,0.03288132641002285,0.08496422394179957,0.13654473017022817,,,,,
13,3,base5y,fwd4,hgb,real,29723,2761,0.5658341772686135,0.04862450351838768,0.08625416194616613,0.1494934318568107,0.283230713509598,,,,,
13,3,base5y,fwd4,hgb,shuffle,29723,2761,0.5471698601609077,-0.0032017585129399885,-0.014331515608295193,0.043520872570309885,0.1763853676204274,,,,,
13,3,base5y,fwd8,ridge,real,29723,2761,0.08505672331452499,0.05627434992751174,0.02778794999629339,0.21162136423672143,0.2227453821079319,,,,,
13,3,base5y,fwd8,ridge,shuffle,29723,2761,0.024844690855223422,0.01152362441485457,-0.06142872187866119,0.007393726311770756,0.12604128938790293,,,,,
13,3,base5y,fwd8,hgb,real,29723,2761,0.606143795722121,0.08817511663340828,0.1640166671138316,0.23254170695414544,0.2843172763491489,,,,,
13,3,base5y,fwd8,hgb,shuffle,29723,2761,0.5674099903926396,0.003144544603097258,0.00042514830897421647,-0.004922145026406435,0.14958348424483883,,,,,
13,3,base5y,br_canon_long,logit,real,29723,2761,,,,,,0.5344910589510414,0.5033208839581659,0.5164795363998551,0.5,0.06446939514668598
13,3,base5y,br_canon_long,logit,shuffle,29723,2761,,,,,,0.5163268086805053,0.4837879719074859,0.5164795363998551,0.5128205128205128,0.11300253531329228
13,3,base5y,br_canon_long,hgb,real,29723,2761,,,,,,0.8903458147376715,0.5429508696177463,0.5164795363998551,0.603448275862069,0.042013763129300975
13,3,base5y,br_canon_long,hgb,shuffle,29723,2761,,,,,,0.8821724697629423,0.4906913342893613,0.5164795363998551,0.5523255813953488,0.06229626946758421
13,3,base5y,br_canon_short,logit,real,29723,2761,,,,,,0.533828681571165,0.5015959657708176,0.45599420499818905,0.4733893557422969,0.1293009779065556
13,3,base5y,br_canon_short,logit,shuffle,29723,2761,,,,,,0.5174052440503066,0.48518628590526375,0.45599420499818905,0.40948275862068967,0.08402752625860195
13,3,base5y,br_canon_short,hgb,real,29723,2761,,,,,,0.8910616608154771,0.5021395883064043,0.45599420499818905,0.4788732394366197,0.05143064107207534
13,3,base5y,br_canon_short,hgb,shuffle,29723,2761,,,,,,0.8860772139647579,0.4846320870557551,0.45599420499818905,0.4046242774566474,0.06265845708076784
13,3,base5y,br_modal_long,logit,real,29723,2761,,,,,,0.6376974391116166,0.6042910615203493,0.1119159724737414,0.176056338028169,0.20572256428830135
13,3,base5y,br_modal_long,logit,shuffle,29723,2761,,,,,,0.5295468097531588,0.5366783340460466,0.1119159724737414,0.1388888888888889,0.10431003259688519
13,3,base5y,br_modal_long,hgb,real,29723,2761,,,,,,0.9861894811854682,0.5546835817270889,0.1119159724737414,0.14081632653061224,0.17747193045997828
13,3,base5y,br_modal_long,hgb,shuffle,29723,2761,,,,,,0.975939788927499,0.5340676919178321,0.1119159724737414,0.15637860082304528,0.08801159000362188
13,3,base5y,br_modal_short,logit,real,29723,2761,,,,,,0.6631416968846856,0.567397082055571,0.07642158638174575,0.11382113821138211,0.17819630568634554
13,3,base5y,br_modal_short,logit,shuffle,29723,2761,,,,,,0.5246448504628078,0.5815760617043025,0.07642158638174575,0.12422360248447205,0.058312205722564285
13,3,base5y,br_modal_short,hgb,real,29723,2761,,,,,,0.9709253593168102,0.613035963200446,0.07642158638174575,0.13734939759036144,0.1503078594712061
13,3,base5y,br_modal_short,hgb,shuffle,29723,2761,,,,,,0.9582487548336972,0.554586005018121,0.07642158638174575,0.08021390374331551,0.06772908366533864
13,3,wide10y,fwd2,ridge,real,60882,2761,0.06624068806745176,0.04291301819821999,0.039909375350086186,0.05142053166209408,0.1814559942049982,,,,,
13,3,wide10y,fwd2,hgb,real,60882,2761,0.42356004034058786,0.014306323489218519,0.01845293039285595,0.041314844127144625,0.3009779065555958,,,,,
13,3,wide10y,fwd4,ridge,real,60882,2761,0.07679299709671505,0.04534383980612567,0.059213701712577456,0.14404927581496116,0.1966678739587106,,,,,
13,3,wide10y,fwd4,hgb,real,60882,2761,0.444432495252999,0.03572303819438498,0.09246051639980617,0.10883544483064705,0.33429916696848966,,,,,
13,3,wide10y,fwd8,ridge,real,60882,2761,0.08095521669863075,0.03135336772962073,0.04450952467535237,0.1973959895898317,0.20101412531691415,,,,,
13,3,wide10y,fwd8,hgb,real,60882,2761,0.4721116541098543,-0.012686637997785187,0.01955294413020496,-0.06236284925300956,0.33900760593987683,,,,,
13,3,wide10y,br_canon_long,logit,real,60882,2761,,,,,,0.545108401946556,0.510305141014125,0.5164795363998551,0.4734042553191489,0.06809127127852227
13,3,wide10y,br_canon_long,hgb,real,60882,2761,,,,,,0.7894736075765708,0.5383976551050318,0.5164795363998551,0.6141732283464567,0.0459978268743209
13,3,wide10y,br_canon_short,logit,real,60882,2761,,,,,,0.5435560210717323,0.5099401486395159,0.45599420499818905,0.5306122448979592,0.10648315827598696
13,3,wide10y,br_canon_short,hgb,real,60882,2761,,,,,,0.792452414141846,0.5159802815203239,0.45599420499818905,0.4812286689419795,0.10612097066280334
13,3,wide10y,br_modal_long,logit,real,60882,2761,,,,,,0.6345126415029888,0.6084089601250151,0.1119159724737414,0.20250521920668058,0.17348786671495836
13,3,wide10y,br_modal_long,hgb,real,60882,2761,,,,,,0.9340023714393181,0.578843240047092,0.1119159724737414,0.14576802507836992,0.23107569721115537
13,3,wide10y,br_modal_short,logit,real,60882,2761,,,,,,0.6309720687807616,0.5394814608307779,0.07642158638174575,0.09649122807017543,0.16515755161173487
13,3,wide10y,br_modal_short,hgb,real,60882,2761,,,,,,0.9160307792387146,0.623103800762011,0.07642158638174575,0.12406576980568013,0.2423035132198479
14,3,base5y,fwd2,ridge,real,29547,2734,0.05644842779185077,0.009177204741343535,0.028453465884523948,0.0373954721253395,0.22896854425749816,,,,,
14,3,base5y,fwd2,ridge,shuffle,29547,2734,0.02309388865515453,-0.03811663565816621,-0.0048805758369176245,0.008111635175849457,0.225676664228237,,,,,
14,3,base5y,fwd2,hgb,real,29547,2734,0.5441467589823328,0.05580953598418541,0.05288214413037188,0.15391564082240225,0.21616678858814922,,,,,
14,3,base5y,fwd2,hgb,shuffle,29547,2734,0.5524668671801806,0.009630395433857223,0.02025059826123711,-0.0022950907884209176,0.14228237015362108,,,,,
14,3,base5y,fwd4,ridge,real,29547,2734,0.06899138383601042,0.010145087648125274,0.04826112152131759,0.09213843946462916,0.2190929041697147,,,,,
14,3,base5y,fwd4,ridge,shuffle,29547,2734,0.022269280488970488,0.0007201125601796862,0.05661173021153603,-0.01541455991439296,0.22092172640819313,,,,,
14,3,base5y,fwd4,hgb,real,29547,2734,0.5764823439276197,0.022616585363421794,0.07003718850665135,0.12363113486916348,0.24140453547915142,,,,,
14,3,base5y,fwd4,hgb,shuffle,29547,2734,0.5547060035808419,-0.044349754426288426,-0.029290924948745644,-0.048768458014628764,0.14045354791514264,,,,,
14,3,base5y,fwd8,ridge,real,29547,2734,0.08235105773747249,-0.02127990115386768,0.06989266168587444,0.28807354097707205,0.21068032187271396,,,,,
14,3,base5y,fwd8,ridge,shuffle,29547,2734,0.023463538038482005,-0.017972563241139612,0.10616366343877824,0.11275911013746284,0.2439648866130212,,,,,
14,3,base5y,fwd8,hgb,real,29547,2734,0.6103133658574706,-0.028555998055658716,-0.012028921296534106,0.03017915230711325,0.20958302852962693,,,,,
14,3,base5y,fwd8,hgb,shuffle,29547,2734,0.573068700038103,0.007744937932184342,0.030772009684851716,0.1119320449769554,0.14264813460131676,,,,,
14,3,base5y,br_canon_long,logit,real,29547,2734,,,,,,0.534613964328431,0.4961731155953124,0.44476956839795173,0.4787234042553192,0.06876371616678859
14,3,base5y,br_canon_long,logit,shuffle,29547,2734,,,,,,0.5144714554584714,0.4790664439012551,0.44476956839795173,0.44545454545454544,0.08046817849305048
14,3,base5y,br_canon_long,hgb,real,29547,2734,,,,,,0.8893695330496642,0.5381128215796407,0.44476956839795173,0.5564516129032258,0.04535479151426482
14,3,base5y,br_canon_long,hgb,shuffle,29547,2734,,,,,,0.8862044414970631,0.48066946640316205,0.44476956839795173,0.4662576687116564,0.05961960497439649
14,3,base5y,br_canon_short,logit,real,29547,2734,,,,,,0.5313323330250034,0.5047578395484903,0.5420629114850036,0.5848484848484848,0.12070226773957571
14,3,base5y,br_canon_short,logit,shuffle,29547,2734,,,,,,0.5149960340953257,0.4826943556975506,0.5420629114850036,0.5570934256055363,0.10570592538405267
14,3,base5y,br_canon_short,hgb,real,29547,2734,,,,,,0.8885132595957363,0.5331836133711029,0.5420629114850036,0.5895522388059702,0.04901243599122165
14,3,base5y,br_canon_short,hgb,shuffle,29547,2734,,,,,,0.8890132243801082,0.49343829899151903,0.5420629114850036,0.5,0.04901243599122165
14,3,base5y,br_modal_long,logit,real,29547,2734,,,,,,0.642306548400077,0.6200161033878268,0.055596196049743966,0.11068702290076336,0.0958302852962692
14,3,base5y,br_modal_long,logit,shuffle,29547,2734,,,,,,0.5306110454690859,0.4922897386766685,0.055596196049743966,0.037209302325581395,0.07863935625457205
14,3,base5y,br_modal_long,hgb,real,29547,2734,,,,,,0.9834387232761215,0.6073219454523218,0.055596196049743966,0.12605042016806722,0.13057790782735917
14,3,base5y,br_modal_long,hgb,shuffle,29547,2734,,,,,,0.9749419000514469,0.48197796485792327,0.055596196049743966,0.05128205128205128,0.07132406730065838
14,3,base5y,br_modal_short,logit,real,29547,2734,,,,,,0.6660751580572465,0.5378308178308179,0.09473299195318215,0.11670480549199085,0.1598390636430139
14,3,base5y,br_modal_short,logit,shuffle,29547,2734,,,,,,0.5233576228931222,0.49116493116493115,0.09473299195318215,0.1,0.11338697878566203
14,3,base5y,br_modal_short,hgb,real,29547,2734,,,,,,0.9753780715731946,0.5442393042393042,0.09473299195318215,0.12292358803986711,0.11009509875640087
14,3,base5y,br_modal_short,hgb,shuffle,29547,2734,,,,,,0.9668653710019874,0.5254678054678055,0.09473299195318215,0.09523809523809523,0.061448427212874905
14,3,wide10y,fwd2,ridge,real,60728,2734,0.06393770771042147,-0.010444113193976024,0.001691896723509906,0.006683752466124601,0.17190929041697148,,,,,
14,3,wide10y,fwd2,hgb,real,60728,2734,0.42730351662970745,0.04287809418610026,0.025346538078419377,0.0849987194213222,0.26591075347476223,,,,,
14,3,wide10y,fwd4,ridge,real,60728,2734,0.07435057166935417,0.008698574206925352,0.03050361586039964,0.07063374451255647,0.1781272860277981,,,,,
14,3,wide10y,fwd4,hgb,real,60728,2734,0.443158887461155,0.01888346782438672,0.04571884430273809,0.11153732147520418,0.3178493050475494,,,,,
14,3,wide10y,fwd8,ridge,real,60728,2734,0.07801420671897537,-0.01111266228048997,0.044050512158591466,-0.013123249296530543,0.18983174835406,,,,,
14,3,wide10y,fwd8,hgb,real,60728,2734,0.4737937525318484,0.00045158910525601675,0.010583906873249036,0.08922710705469036,0.29114850036576445,,,,,
14,3,wide10y,br_canon_long,logit,real,60728,2734,,,,,,0.5439284128391323,0.4830526012412455,0.44476956839795173,0.45569620253164556,0.05779078273591807
14,3,wide10y,br_canon_long,hgb,real,60728,2734,,,,,,0.790719580231931,0.5218561472852091,0.44476956839795173,0.5614035087719298,0.04169714703730797
14,3,wide10y,br_canon_short,logit,real,60728,2734,,,,,,0.541579307401712,0.4935584845623521,0.5420629114850036,0.5224358974358975,0.1141185076810534
14,3,wide10y,br_canon_short,hgb,real,60728,2734,,,,,,0.7943708038466766,0.5098773137069758,0.5420629114850036,0.55859375,0.0936356986100951
14,3,wide10y,br_modal_long,logit,real,60728,2734,,,,,,0.6351681278403799,0.5614272901463574,0.055596196049743966,0.1016260162601626,0.08997805413313825
14,3,wide10y,br_modal_long,hgb,real,60728,2734,,,,,,0.9339929800022556,0.5968420033429818,0.055596196049743966,0.081799591002045,0.17885881492318947
14,3,wide10y,br_modal_short,logit,real,60728,2734,,,,,,0.6307636711952205,0.5403970203970204,0.09473299195318215,0.11530815109343936,0.18397951719092903
14,3,wide10y,br_modal_short,hgb,real,60728,2734,,,,,,0.913644234006378,0.587807027807028,0.09473299195318215,0.12027491408934708,0.21287490855888808
15,3,base5y,fwd2,ridge,real,29415,2753,0.054507226440286126,0.02090493416806081,-0.016752991091364928,0.08953948985333159,0.16382128586996003,,,,,
15,3,base5y,fwd2,ridge,shuffle,29415,2753,0.023614431530478798,0.05122703176999503,0.017829540645851624,0.04171329594117266,0.19469669451507446,,,,,
15,3,base5y,fwd2,hgb,real,29415,2753,0.5492285583665956,0.02342333020360116,0.029212613317643518,0.08972777282552025,0.185978932074101,,,,,
15,3,base5y,fwd2,hgb,shuffle,29415,2753,0.5546725548636403,0.014589681973950582,0.0022099590252178517,-0.010801877163746133,0.1249545949872866,,,,,
15,3,base5y,fwd4,ridge,real,29415,2753,0.06953228462201902,0.016507499977777146,-0.024648420789145854,0.19824708278577707,0.1594624046494733,,,,,
15,3,base5y,fwd4,ridge,shuffle,29415,2753,0.02335533941028317,0.08430060480571973,0.05579850254842825,-0.06507098292331162,0.16491100617508173,,,,,
15,3,base5y,fwd4,hgb,real,29415,2753,0.5841512915008894,-0.003307325672403217,-0.008226300033812946,-0.014126644169405194,0.1914275335997094,,,,,
15,3,base5y,fwd4,hgb,shuffle,29415,2753,0.5626051696148738,-0.010176331472263829,-0.012393695151274326,-0.1322906549549536,0.12967671630948058,,,,,
15,3,base5y,fwd8,ridge,real,29415,2753,0.08484414976784678,-0.011042707523753645,-0.06579582703947894,0.17213850539272665,0.1569197239375227,,,,,
15,3,base5y,fwd8,ridge,shuffle,29415,2753,0.019574158088650324,-0.008155490366773103,-0.04920957880310177,-0.176840936785122,0.17653468942971304,,,,,
15,3,base5y,fwd8,hgb,real,29415,2753,0.6214036760882372,0.029753210441604,0.08913767071267474,0.061068440016450724,0.21394841990555757,,,,,
15,3,base5y,fwd8,hgb,shuffle,29415,2753,0.5712343524666388,-0.0063250135154075335,-0.02522281885036346,0.004271400525595174,0.11514711224119142,,,,,
15,3,base5y,br_canon_long,logit,real,29415,2753,,,,,,0.53465902261603,0.5309847584570687,0.5201598256447512,0.5189873417721519,0.08608790410461314
15,3,base5y,br_canon_long,logit,shuffle,29415,2753,,,,,,0.5136085809138817,0.528977010813714,0.5201598256447512,0.5402298850574713,0.03160188884852888
15,3,base5y,br_canon_long,hgb,real,29415,2753,,,,,,0.8896720507740354,0.5086870239660998,0.5201598256447512,0.5260416666666666,0.06974209952778787
15,3,base5y,br_canon_long,hgb,shuffle,29415,2753,,,,,,0.8970947311864066,0.49261447016184623,0.5201598256447512,0.4369747899159664,0.043225572103160186
15,3,base5y,br_canon_short,logit,real,29415,2753,,,,,,0.5337769995456617,0.5179311148544852,0.46966945150744643,0.6010928961748634,0.06647293861242282
15,3,base5y,br_canon_short,logit,shuffle,29415,2753,,,,,,0.5115720702860569,0.519935585714437,0.46966945150744643,0.4973821989528796,0.1387577188521613
15,3,base5y,br_canon_short,hgb,real,29415,2753,,,,,,0.8874391109427686,0.502761444659865,0.46966945150744643,0.45977011494252873,0.03160188884852888
15,3,base5y,br_canon_short,hgb,shuffle,29415,2753,,,,,,0.8872434798663738,0.4969620400682283,0.46966945150744643,0.5542168674698795,0.060297856883399926
15,3,base5y,br_modal_long,logit,real,29415,2753,,,,,,0.6426062015839151,0.46510529484633106,0.08318198329095532,0.0598669623059867,0.16382128586996003
15,3,base5y,br_modal_long,logit,shuffle,29415,2753,,,,,,0.5209567537961463,0.4269233697119011,0.08318198329095532,0.03409090909090909,0.06393025790047221
15,3,base5y,br_modal_long,hgb,real,29415,2753,,,,,,0.9842002542056175,0.48075073183897465,0.08318198329095532,0.05909090909090909,0.15982564475118052
15,3,base5y,br_modal_long,hgb,shuffle,29415,2753,,,,,,0.9672512957091838,0.463240230036194,0.08318198329095532,0.09230769230769231,0.07083181983290955
15,3,base5y,br_modal_short,logit,real,29415,2753,,,,,,0.6578081080458136,0.6112554368981332,0.06683617871413004,0.14150943396226415,0.07700690156193243
15,3,base5y,br_modal_short,logit,shuffle,29415,2753,,,,,,0.5275268257646941,0.5827550899521045,0.06683617871413004,0.058823529411764705,0.05557573556120596
15,3,base5y,br_modal_short,hgb,real,29415,2753,,,,,,0.9762824105558675,0.5405842232640006,0.06683617871413004,0.07804878048780488,0.07446422084998183
15,3,base5y,br_modal_short,hgb,shuffle,29415,2753,,,,,,0.9627435417697285,0.5521307563423427,0.06683617871413004,0.08917197452229299,0.05702869596803487
15,3,wide10y,fwd2,ridge,real,60546,2753,0.062199734097548254,-0.01270109328652947,-0.018361033657589013,0.05472858874267042,0.17653468942971304,,,,,
15,3,wide10y,fwd2,hgb,real,60546,2753,0.42441243864300454,-0.011701321468601917,-0.005389813540979977,0.04801921847841281,0.2284780239738467,,,,,
15,3,wide10y,fwd4,ridge,real,60546,2753,0.07139215711145334,-0.015364412621688974,-0.008363617743215621,0.072348620249046,0.18416273156556484,,,,,
15,3,wide10y,fwd4,hgb,real,60546,2753,0.4532361757075874,0.0024217295061736365,-0.0016727110921393514,0.007329924352888054,0.2488194696694515,,,,,
15,3,wide10y,fwd8,ridge,real,60546,2753,0.07397236433051749,-0.03710770158568863,-0.040028934246485647,0.01882705256239727,0.18561569197239375,,,,,
15,3,wide10y,fwd8,hgb,real,60546,2753,0.48300248019170183,-0.03552968415080213,-0.02168559685339876,-0.03652679923669553,0.22084998183799492,,,,,
15,3,wide10y,br_canon_long,logit,real,60546,2753,,,,,,0.5435111131833634,0.48638347451355207,0.5201598256447512,0.48623853211009177,0.07918634217217581
15,3,wide10y,br_canon_long,hgb,real,60546,2753,,,,,,0.7947563675737341,0.5043268600476192,0.5201598256447512,0.5555555555555556,0.04903741373047584
15,3,wide10y,br_canon_short,logit,real,60546,2753,,,,,,0.5410129310683868,0.47837353928953585,0.46966945150744643,0.42857142857142855,0.09153650563022157
15,3,wide10y,br_canon_short,hgb,real,60546,2753,,,,,,0.7993368569621058,0.5161999809299812,0.46966945150744643,0.42142857142857143,0.05085361423901199
15,3,wide10y,br_modal_long,logit,real,60546,2753,,,,,,0.6278011023087403,0.449317988359781,0.08318198329095532,0.020066889632107024,0.10860879041046131
15,3,wide10y,br_modal_long,hgb,real,60546,2753,,,,,,0.9328010649299054,0.4634495740454952,0.08318198329095532,0.07348242811501597,0.22738830366872503
15,3,wide10y,br_modal_short,logit,real,60546,2753,,,,,,0.6276387517920404,0.5925288134445817,0.06683617871413004,0.0963855421686747,0.12059571376679985
15,3,wide10y,br_modal_short,hgb,real,60546,2753,,,,,,0.9139156015988031,0.5596662548445512,0.06683617871413004,0.09002433090024331,0.1492916818016709
16,3,base5y,fwd2,ridge,real,29394,2731,0.04980465007359415,0.003437171210996028,-0.014982141532636585,0.03635231404727636,0.18418161845477846,,,,,
16,3,base5y,fwd2,ridge,shuffle,29394,2731,0.01681950627753474,-0.0077434548108526735,0.004395503338933392,0.0029802802459868226,0.17466129622848772,,,,,
16,3,base5y,fwd2,hgb,real,29394,2731,0.5619061521181822,0.04636052139614776,0.030543481059631034,0.04963135087419635,0.21603808128890517,,,,,
16,3,base5y,fwd2,hgb,shuffle,29394,2731,0.5528788714437735,-0.02134337964877044,-0.020924709551256384,-0.0436819101521467,0.1812522885389967,,,,,
16,3,base5y,fwd4,ridge,real,29394,2731,0.060762146830886474,0.006193975330558361,-0.026131986586149174,0.1503547766320651,0.18747711461003294,,,,,
16,3,base5y,fwd4,ridge,shuffle,29394,2731,0.022427181930151103,0.010289157038145893,0.022647105356661743,-0.030722939348466937,0.17502746246796044,,,,,
16,3,base5y,fwd4,hgb,real,29394,2731,0.5840271582926886,0.020654281508416132,0.027653430239963982,0.10401054978966083,0.239838886854632,,,,,
16,3,base5y,fwd4,hgb,shuffle,29394,2731,0.5562305887483545,-0.0006943805763821729,-0.019639302028187273,-0.025303145649273304,0.17575979494690588,,,,,
16,3,base5y,fwd8,ridge,real,29394,2731,0.07077726250861369,0.0003983510813660808,-0.061074705217555175,0.19236478176090654,0.20358842914683267,,,,,
16,3,base5y,fwd8,ridge,shuffle,29394,2731,0.025270262256701256,-0.029623803474005776,-0.08879875350585181,-0.10156533639275234,0.20139143170999635,,,,,
16,3,base5y,fwd8,hgb,real,29394,2731,0.6161389249126661,0.009126414711177507,0.01972590587873235,-0.07080177640358981,0.30465031124130354,,,,,
16,3,base5y,fwd8,hgb,shuffle,29394,2731,0.565402568683816,-0.045610362094774995,-0.11699651015699672,-0.20070307294870074,0.19370194068106922,,,,,
16,3,base5y,br_canon_long,logit,real,29394,2731,,,,,,0.530795471335366,0.54509742502714,0.4950567557671183,0.5584725536992841,0.15342365433906993
16,3,base5y,br_canon_long,logit,shuffle,29394,2731,,,,,,0.510915666908689,0.5040795791479118,0.4950567557671183,0.5073529411764706,0.14939582570487
16,3,base5y,br_canon_long,hgb,real,29394,2731,,,,,,0.8819655868360801,0.5283103269241497,0.4950567557671183,0.5182926829268293,0.12010252654705236
16,3,base5y,br_canon_long,hgb,shuffle,29394,2731,,,,,,0.8930273979144792,0.5175953975739216,0.4950567557671183,0.5056818181818182,0.06444525814719883
16,3,base5y,br_canon_short,logit,real,29394,2731,,,,,,0.532454442603345,0.535993761217357,0.486268766019773,0.5657894736842105,0.055657268399853535
16,3,base5y,br_canon_short,logit,shuffle,29394,2731,,,,,,0.5113882797260803,0.48168189507853226,0.486268766019773,0.42342342342342343,0.08128890516294397
16,3,base5y,br_canon_short,hgb,real,29394,2731,,,,,,0.8868777812555335,0.521234081014006,0.486268766019773,0.5037593984962406,0.048700109849871845
16,3,base5y,br_canon_short,hgb,shuffle,29394,2731,,,,,,0.8878586361545636,0.5053800376130323,0.486268766019773,0.5,0.074697912852435
16,3,base5y,br_modal_long,logit,real,29394,2731,,,,,,0.6405757984705354,0.5974737178718472,0.1135115342365434,0.1579778830963665,0.23178322958623215
16,3,base5y,br_modal_long,logit,shuffle,29394,2731,,,,,,0.5282967738333526,0.4684561165074416,0.1135115342365434,0.11383928571428571,0.16404247528377883
16,3,base5y,br_modal_long,hgb,real,29394,2731,,,,,,0.9829019280337974,0.5072830475276812,0.1135115342365434,0.11085972850678733,0.1618454778469425
16,3,base5y,br_modal_long,hgb,shuffle,29394,2731,,,,,,0.9691556354834308,0.4477008967235613,0.1135115342365434,0.08664259927797834,0.10142804833394362
16,3,base5y,br_modal_short,logit,real,29394,2731,,,,,,0.656751841495271,0.5859853121175032,0.10252654705236178,0.18506493506493507,0.11277920175759795
16,3,base5y,br_modal_short,logit,shuffle,29394,2731,,,,,,0.5220650504031477,0.44073555982980706,0.10252654705236178,0.06912442396313365,0.15891614793116074
16,3,base5y,br_modal_short,hgb,real,29394,2731,,,,,,0.9790459423520931,0.5128227545608206,0.10252654705236178,0.12272727272727273,0.08055657268399853
16,3,base5y,br_modal_short,hgb,shuffle,29394,2731,,,,,,0.9681017262867114,0.4798056186979075,0.10252654705236178,0.0975609756097561,0.10508971072867082
16,3,wide10y,fwd2,ridge,real,60359,2731,0.062043715193951854,-0.020785988416361353,-0.041011662806615674,-0.00847325781897155,0.19370194068106922,,,,,
16,3,wide10y,fwd2,hgb,real,60359,2731,0.42445178628873387,0.013494481120424038,0.021247856007200635,0.02037714302277103,0.3017209813255218,,,,,
16,3,wide10y,fwd4,ridge,real,60359,2731,0.07222061582798156,-0.014293938049402747,-0.022435125650937103,-0.04849336612153434,0.19772976931526914,,,,,
16,3,wide10y,fwd4,hgb,real,60359,2731,0.4544152209876229,-0.017327621485034545,-0.025491709382920193,0.05616685657555606,0.3196631270596851,,,,,
16,3,wide10y,fwd8,ridge,real,60359,2731,0.07390025843634002,0.010202942159284746,0.012481619142241768,0.13866679774185228,0.20505309410472355,,,,,
16,3,wide10y,fwd8,hgb,real,60359,2731,0.4847034695789988,-0.019896918960255094,-0.030082526121254394,-0.05671566718449092,0.3310142804833394,,,,,
16,3,wide10y,br_canon_long,logit,real,60359,2731,,,,,,0.540460627280615,0.501589780777598,0.4950567557671183,0.43349753694581283,0.07433174661296228
16,3,wide10y,br_canon_long,hgb,real,60359,2731,,,,,,0.7986244300595078,0.5161262985355136,0.4950567557671183,0.5203252032520326,0.09007689491028927
16,3,wide10y,br_canon_short,logit,real,60359,2731,,,,,,0.5381441885289981,0.49363938290582143,0.486268766019773,0.535593220338983,0.10801904064445259
16,3,wide10y,br_canon_short,hgb,real,60359,2731,,,,,,0.7951764427468657,0.5298392429303815,0.486268766019773,0.49489795918367346,0.07176858293665324
16,3,wide10y,br_modal_long,logit,real,60359,2731,,,,,,0.6260054495275065,0.6159451572930407,0.1135115342365434,0.165374677002584,0.14170633467594287
16,3,wide10y,br_modal_long,hgb,real,60359,2731,,,,,,0.9396284291625774,0.5067793900147899,0.1135115342365434,0.09777015437392796,0.21347491761259613
16,3,wide10y,br_modal_short,logit,real,60359,2731,,,,,,0.6272602303456608,0.5849186920790348,0.10252654705236178,0.16560509554140126,0.11497619919443428
16,3,wide10y,br_modal_short,hgb,real,60359,2731,,,,,,0.9192261739618185,0.5245890890015736,0.10252654705236178,0.12467532467532468,0.14097400219699743
17,3,base5y,fwd2,ridge,real,29364,2757,0.051470711968414226,-0.01579203804399052,-0.0236117903159005,0.10630059375532053,0.19767863619876677,,,,,
17,3,base5y,fwd2,ridge,shuffle,29364,2757,0.031909312907334474,-0.007249083719106896,-0.007378794785845052,-0.07395861332893584,0.20638375045339136,,,,,
17,3,base5y,fwd2,hgb,real,29364,2757,0.5565013421684202,0.011887350260896122,0.015041199340335347,0.0910457222190702,0.1802684076895176,,,,,
17,3,base5y,fwd2,hgb,shuffle,29364,2757,0.5621433991395065,-0.041755729997870396,-0.05979927942643377,-0.22627680225457542,0.14762422923467536,,,,,
17,3,base5y,fwd4,ridge,real,29364,2757,0.06140601052459879,-0.03803983382675153,-0.014306293686421584,0.06466766073637105,0.19912948857453755,,,,,
17,3,base5y,fwd4,ridge,shuffle,29364,2757,0.028978431197248987,-0.05272490693680634,-0.0761377451319105,-0.06379742899330558,0.19078708741385564,,,,,
17,3,base5y,fwd4,hgb,real,29364,2757,0.5852812657000978,0.0031905187522340496,0.011190809310357121,0.09858601598576412,0.19078708741385564,,,,,
17,3,base5y,fwd4,hgb,shuffle,29364,2757,0.5671484648260128,-0.031945968795329814,-0.06402224862561313,-0.09057332015036472,0.16539717083786726,,,,,
17,3,base5y,fwd8,ridge,real,29364,2757,0.06794747877426842,-0.029745678308841502,-0.024306156416012113,0.23281497484757857,0.19622778382299602,,,,,
17,3,base5y,fwd8,ridge,shuffle,29364,2757,0.018583217262733272,-0.027176486169184555,-0.043894143672421,-0.15295912012341073,0.1965904969169387,,,,,
17,3,base5y,fwd8,hgb,real,29364,2757,0.6157974144065093,0.008496675555496876,0.02210534674577952,0.39831199128625594,0.18570910409865796,,,,,
17,3,base5y,fwd8,hgb,shuffle,29364,2757,0.5816269437958388,-0.019506751734339904,-0.02441132033310375,-0.24602241274359515,0.15270221254987304,,,,,
17,3,base5y,br_canon_long,logit,real,29364,2757,,,,,,0.5342905225963939,0.5176293362267848,0.5150525933986216,0.5576923076923077,0.11316648531011969
17,3,base5y,br_canon_long,logit,shuffle,29364,2757,,,,,,0.5212460182565907,0.4982760436967354,0.5150525933986216,0.5363984674329502,0.09466811751904244
17,3,base5y,br_canon_long,hgb,real,29364,2757,,,,,,0.882193607258956,0.522365607256102,0.5150525933986216,0.5440414507772021,0.07000362713093942
17,3,base5y,br_canon_long,hgb,shuffle,29364,2757,,,,,,0.8865434019317397,0.4750234390637016,0.5150525933986216,0.5,0.0710917664127675
17,3,base5y,br_canon_short,logit,real,29364,2757,,,,,,0.5334560722279031,0.5241846995125286,0.46354733405875953,0.49221183800623053,0.11643090315560392
17,3,base5y,br_canon_short,logit,shuffle,29364,2757,,,,,,0.5204614065365456,0.514256979031427,0.46354733405875953,0.46598639455782315,0.10663764961915125
17,3,base5y,br_canon_short,hgb,real,29364,2757,,,,,,0.8912163766621075,0.5416615083786469,0.46354733405875953,0.4866666666666667,0.0544069640914037
17,3,base5y,br_canon_short,hgb,shuffle,29364,2757,,,,,,0.8857454818203458,0.4853589269067942,0.46354733405875953,0.422360248447205,0.058396808124773304
17,3,base5y,br_modal_long,logit,real,29364,2757,,,,,,0.6300789580338666,0.6329716788261102,0.11570547696771853,0.23255813953488372,0.14036996735582155
17,3,base5y,br_modal_long,logit,shuffle,29364,2757,,,,,,0.5337057714488916,0.4864064537199668,0.11570547696771853,0.09868421052631579,0.11026478055857816
17,3,base5y,br_modal_long,hgb,real,29364,2757,,,,,,0.9831162422687594,0.6136935820254538,0.11570547696771853,0.19133574007220217,0.1004715270221255
17,3,base5y,br_modal_long,hgb,shuffle,29364,2757,,,,,,0.9736470339556587,0.5098865661508868,0.11570547696771853,0.12264150943396226,0.07689517591585056
17,3,base5y,br_modal_short,logit,real,29364,2757,,,,,,0.6585452801594803,0.5677635661242219,0.07072905331882481,0.10031347962382445,0.11570547696771853
17,3,base5y,br_modal_short,logit,shuffle,29364,2757,,,,,,0.5298004991006654,0.500914750095078,0.07072905331882481,0.04666666666666667,0.1088139281828074
17,3,base5y,br_modal_short,hgb,real,29364,2757,,,,,,0.9785272990448074,0.5613503072519466,0.07072905331882481,0.04020100502512563,0.07217990569459558
17,3,base5y,br_modal_short,hgb,shuffle,29364,2757,,,,,,0.9736663634972501,0.5118417102023659,0.07072905331882481,0.07692307692307693,0.07072905331882481
17,3,wide10y,fwd2,ridge,real,60169,2757,0.0582559315703868,-0.0062332607923322025,0.006282284751718264,0.05376964249587487,0.1933260790714545,,,,,
17,3,wide10y,fwd2,hgb,real,60169,2757,0.4199157003144866,0.026039717493506254,0.012723193095748599,0.022490842401375246,0.19876677548059485,,,,,
17,3,wide10y,fwd4,ridge,real,60169,2757,0.06741228132804673,-0.017873938118623027,-0.005926911291901461,0.12553346548776956,0.19513964454116794,,,,,
17,3,wide10y,fwd4,hgb,real,60169,2757,0.4545552415708645,-0.00750550761061138,0.0267401199589425,-0.0546955000136673,0.21218715995647444,,,,,
17,3,wide10y,fwd8,ridge,real,60169,2757,0.06890667057818455,-0.038250793225192606,0.050476888306664906,0.10418922948110264,0.19550235763511062,,,,,
17,3,wide10y,fwd8,hgb,real,60169,2757,0.48237434146243674,-0.002976474617945387,0.003972271220536828,0.03281434795324095,0.20203119332607908,,,,,
17,3,wide10y,br_canon_long,logit,real,60169,2757,,,,,,0.5372749059234603,0.4971330601409504,0.5150525933986216,0.53125,0.08124773304316286
17,3,wide10y,br_canon_long,hgb,real,60169,2757,,,,,,0.7998734128541889,0.5259230777334163,0.5150525933986216,0.6313131313131313,0.07181719260065289
17,3,wide10y,br_canon_short,logit,real,60169,2757,,,,,,0.534318566675859,0.5055974038204133,0.46354733405875953,0.4548736462093863,0.1004715270221255
17,3,wide10y,br_canon_short,hgb,real,60169,2757,,,,,,0.8029240315406325,0.5262300268442599,0.46354733405875953,0.47417840375586856,0.07725788900979326
17,3,wide10y,br_modal_long,logit,real,60169,2757,,,,,,0.6266968284708061,0.5822620422207422,0.11570547696771853,0.1750599520383693,0.1512513601741023
17,3,wide10y,br_modal_long,hgb,real,60169,2757,,,,,,0.9366726983153754,0.5902777599193542,0.11570547696771853,0.1697674418604651,0.15596663039535727
17,3,wide10y,br_modal_short,logit,real,60169,2757,,,,,,0.6286440522149053,0.5597790187954123,0.07072905331882481,0.06896551724137931,0.11570547696771853
17,3,wide10y,br_modal_short,hgb,real,60169,2757,,,,,,0.9172718271679274,0.5321243419604075,0.07072905331882481,0.041811846689895474,0.10409865796155242
18,3,base5y,fwd2,ridge,real,29318,2752,0.05156634438960611,-0.028236942252543522,-0.022029559082523915,0.04753687762383249,0.17042151162790697,,,,,
18,3,base5y,fwd2,ridge,shuffle,29318,2752,0.024137825155486008,-0.013551890701531502,0.022888705561154445,-0.017682038644904263,0.27870639534883723,,,,,
18,3,base5y,fwd2,hgb,real,29318,2752,0.5551600167271155,0.02054432541644449,-0.008558234729410275,-0.035846802446940315,0.13299418604651161,,,,,
18,3,base5y,fwd2,hgb,shuffle,29318,2752,0.5605647860708978,0.003238111721512397,0.0010706369409748389,-0.005355428161138173,0.15770348837209303,,,,,
18,3,base5y,fwd4,ridge,real,29318,2752,0.05962651199301858,-0.05042466347689822,-0.03521130019391747,-0.0461691560061711,0.16424418604651161,,,,,
18,3,base5y,fwd4,ridge,shuffle,29318,2752,0.02554730466030674,0.0057750780875019435,0.025874469097069197,-0.0743507785030516,0.21075581395348839,,,,,
18,3,base5y,fwd4,hgb,real,29318,2752,0.5962053874158336,0.030203744132975923,-0.01881512212254514,0.04027276812338512,0.15843023255813954,,,,,
18,3,base5y,fwd4,hgb,shuffle,29318,2752,0.568041178541796,0.0004335832686732298,-0.0224181025067143,-0.025382288062629765,0.15588662790697674,,,,,
18,3,base5y,fwd8,ridge,real,29318,2752,0.06532989141199358,-0.018053889084025564,0.04025877778044518,-0.13229683355298452,0.17405523255813954,,,,,
18,3,base5y,fwd8,ridge,shuffle,29318,2752,0.022385561340082655,-0.030341209706071036,0.062223083377979736,-0.0021346635616993595,0.2699854651162791,,,,,
18,3,base5y,fwd8,hgb,real,29318,2752,0.6387175992710813,0.015669606587598896,-0.007344972748201253,-0.21476538656856964,0.16315406976744187,,,,,
18,3,base5y,fwd8,hgb,shuffle,29318,2752,0.581285390407747,-0.008850422205933895,-0.01581020094539867,-0.029716509720034968,0.1413517441860465,,,,,
18,3,base5y,br_canon_long,logit,real,29318,2752,,,,,,0.5378853757288838,0.5208639791354924,0.5101744186046512,0.5526315789473685,0.0690406976744186
18,3,base5y,br_canon_long,logit,shuffle,29318,2752,,,,,,0.5156856260904332,0.533305118060311,0.5101744186046512,0.6494845360824743,0.035247093023255814
18,3,base5y,br_canon_long,hgb,real,29318,2752,,,,,,0.8843536989128761,0.5334430241700271,0.5101744186046512,0.5875,0.029069767441860465
18,3,base5y,br_canon_long,hgb,shuffle,29318,2752,,,,,,0.8855631039174064,0.4899687835518696,0.5101744186046512,0.5048543689320388,0.037427325581395346
18,3,base5y,br_canon_short,logit,real,29318,2752,,,,,,0.5353844644389104,0.5324513931284764,0.47093023255813954,0.5048543689320388,0.26199127906976744
18,3,base5y,br_canon_short,logit,shuffle,29318,2752,,,,,,0.5149630841083217,0.5313279024216524,0.47093023255813954,0.49716231555051077,0.32013081395348836
18,3,base5y,br_canon_short,hgb,real,29318,2752,,,,,,0.8903578142872888,0.5227151802672636,0.47093023255813954,0.5176470588235295,0.12354651162790697
18,3,base5y,br_canon_short,hgb,shuffle,29318,2752,,,,,,0.8889407874943401,0.5150346374304708,0.47093023255813954,0.4797687861271676,0.06286337209302326
18,3,base5y,br_modal_long,logit,real,29318,2752,,,,,,0.6210809673001155,0.6059296144681372,0.08502906976744186,0.171875,0.046511627906976744
18,3,base5y,br_modal_long,logit,shuffle,29318,2752,,,,,,0.5264268046144496,0.5244920334276967,0.08502906976744186,0.10229276895943562,0.20603197674418605
18,3,base5y,br_modal_long,hgb,real,29318,2752,,,,,,0.9847019683564564,0.5372412646042511,0.08502906976744186,0.08823529411764706,0.04941860465116279
18,3,base5y,br_modal_long,hgb,shuffle,29318,2752,,,,,,0.9686394065184839,0.5181513614793997,0.08502906976744186,0.13360323886639677,0.08975290697674419
18,3,base5y,br_modal_short,logit,real,29318,2752,,,,,,0.6556552229950225,0.5291046724092927,0.07194767441860465,0.0,0.030159883720930234
18,3,base5y,br_modal_short,logit,shuffle,29318,2752,,,,,,0.5245559507963986,0.5035258615916407,0.07194767441860465,0.07197943444730077,0.282703488372093
18,3,base5y,br_modal_short,hgb,real,29318,2752,,,,,,0.9822123718277328,0.5725856845668905,0.07194767441860465,0.05319148936170213,0.06831395348837209
18,3,base5y,br_modal_short,hgb,shuffle,29318,2752,,,,,,0.9763062318348028,0.49672527941909306,0.07194767441860465,0.06140350877192982,0.08284883720930232
18,3,wide10y,fwd2,ridge,real,60003,2752,0.05402593910075972,-0.04064674793709865,-0.019271184919869667,0.005090079590011455,0.17986918604651161,,,,,
18,3,wide10y,fwd2,hgb,real,60003,2752,0.4234099277735383,0.037641397503718504,0.03375865919418864,0.09870501323316117,0.14171511627906977,,,,,
18,3,wide10y,fwd4,ridge,real,60003,2752,0.06378603610064365,-0.05420059389494085,0.0021226853536045333,0.03032317538726504,0.18095930232558138,,,,,
18,3,wide10y,fwd4,hgb,real,60003,2752,0.45518940457247437,0.050717809712576584,0.08294550885193865,0.23084659740913374,0.12936046511627908,,,,,
18,3,wide10y,fwd8,ridge,real,60003,2752,0.06773578404195098,-0.03086390625684138,0.02904085787100488,0.1377244493096054,0.19585755813953487,,,,,
18,3,wide10y,fwd8,hgb,real,60003,2752,0.49003056222405605,0.046250476251152854,0.07057601700668237,0.21255503165569575,0.1511627906976744,,,,,
18,3,wide10y,br_canon_long,logit,real,60003,2752,,,,,,0.5368216519770116,0.48358230405708147,0.5101744186046512,0.4929906542056075,0.1555232558139535
18,3,wide10y,br_canon_long,hgb,real,60003,2752,,,,,,0.8023441409050349,0.5219508483603439,0.5101744186046512,0.5780346820809249,0.06286337209302326
18,3,wide10y,br_canon_short,logit,real,60003,2752,,,,,,0.5332172336412243,0.506857002950753,0.47093023255813954,0.5163043478260869,0.06686046511627906
18,3,wide10y,br_canon_short,hgb,real,60003,2752,,,,,,0.8057704172268051,0.5172694300298467,0.47093023255813954,0.4440789473684211,0.11046511627906977
18,3,wide10y,br_modal_long,logit,real,60003,2752,,,,,,0.6269266589661764,0.6362989891584014,0.08502906976744186,0.208955223880597,0.04869186046511628
18,3,wide10y,br_modal_long,hgb,real,60003,2752,,,,,,0.942961351833488,0.5875406475088762,0.08502906976744186,0.17370892018779344,0.07739825581395349
18,3,wide10y,br_modal_short,logit,real,60003,2752,,,,,,0.62607854166626,0.5822674671539196,0.07194767441860465,0.008928571428571428,0.040697674418604654
18,3,wide10y,br_modal_short,hgb,real,60003,2752,,,,,,0.9200288552480858,0.5768669466790062,0.07194767441860465,0.08064516129032258,0.06758720930232558
19,4,base5y,fwd2,ridge,real,29285,2744,0.0535646655373496,-0.011982432715241785,0.01753763677662569,0.01858947106488708,0.1869533527696793,,,,,
19,4,base5y,fwd2,ridge,shuffle,29285,2744,0.03237611665170493,-0.0015969284969778702,-0.00947228174048997,-0.10081335994525523,0.20954810495626822,,,,,
19,4,base5y,fwd2,hgb,real,29285,2744,0.5593586536457708,0.013817575892522648,0.0022216610582111657,0.03326223611797409,0.13994169096209913,,,,,
19,4,base5y,fwd2,hgb,shuffle,29285,2744,0.5531898687557005,-0.01095734443983461,0.01168845784261051,-0.04818961995160586,0.14395043731778426,,,,,
19,4,base5y,fwd4,ridge,real,29285,2744,0.057523705290066306,-0.0140370004264315,0.0460042189247272,0.10287872076976105,0.19642857142857142,,,,,
19,4,base5y,fwd4,ridge,shuffle,29285,2744,0.03228237456455639,-0.016210689999574677,-0.06758807032742675,-0.12485682480214182,0.18841107871720117,,,,,
19,4,base5y,fwd4,hgb,real,29285,2744,0.5903012593391973,-0.010175666998868658,-0.031021870743605,-0.1980366614868175,0.12099125364431487,,,,,
19,4,base5y,fwd4,hgb,shuffle,29285,2744,0.5698555416015962,0.025584635460657968,0.056462428869480503,0.1089222311712264,0.14395043731778426,,,,,
19,4,base5y,fwd8,ridge,real,29285,2744,0.06264996889362248,0.002156231791275926,0.12640441264067925,-0.053402806241009265,0.19278425655976678,,,,,
19,4,base5y,fwd8,ridge,shuffle,29285,2744,0.027989482806623125,-0.0238965275445006,-0.06447011020209267,-0.08620559485948488,0.22631195335276968,,,,,
19,4,base5y,fwd8,hgb,real,29285,2744,0.6386960171449699,0.0005546838764688098,-0.014166340521354716,-0.1527314272126233,0.125,,,,,
19,4,base5y,fwd8,hgb,shuffle,29285,2744,0.5819280309078307,0.03788933814208161,0.026112877673645785,0.06327502444228557,0.11078717201166181,,,,,
19,4,base5y,br_canon_long,logit,real,29285,2744,,,,,,0.5424361777201204,0.5239544231295444,0.4938046647230321,0.5,0.028425655976676383
19,4,base5y,br_canon_long,logit,shuffle,29285,2744,,,,,,0.5194964495535239,0.493121760591256,0.4938046647230321,0.5109034267912772,0.11698250728862973
19,4,base5y,br_canon_long,hgb,real,29285,2744,,,,,,0.8863889795073243,0.5511395545920902,0.4938046647230321,0.6260162601626016,0.044825072886297376
19,4,base5y,br_canon_long,hgb,shuffle,29285,2744,,,,,,0.8854796627092647,0.48903216893939994,0.4938046647230321,0.5,0.05903790087463557
19,4,base5y,br_canon_short,logit,real,29285,2744,,,,,,0.5454309437307192,0.5378242335331888,0.48833819241982507,0.5522598870056498,0.25801749271137026
19,4,base5y,br_canon_short,logit,shuffle,29285,2744,,,,,,0.5185686223969116,0.4942313007611515,0.48833819241982507,0.48091603053435117,0.09548104956268222
19,4,base5y,br_canon_short,hgb,real,29285,2744,,,,,,0.8897112159506411,0.5438597610239402,0.48833819241982507,0.608843537414966,0.10714285714285714
19,4,base5y,br_canon_short,hgb,shuffle,29285,2744,,,,,,0.8906608879221363,0.5039460815580219,0.48833819241982507,0.4742857142857143,0.06377551020408163
19,4,base5y,br_modal_long,logit,real,29285,2744,,,,,,0.636781380151762,0.6852897720211547,0.05065597667638484,0.9,0.0036443148688046646
19,4,base5y,br_modal_long,logit,shuffle,29285,2744,,,,,,0.5323763822147201,0.592791946864773,0.05065597667638484,0.06887755102040816,0.14285714285714285
19,4,base5y,br_modal_long,hgb,real,29285,2744,,,,,,0.9812633146113872,0.6939477209019731,0.05065597667638484,0.1487603305785124,0.044096209912536447
19,4,base5y,br_modal_long,hgb,shuffle,29285,2744,,,,,,0.9707309483744198,0.4803960286665102,0.05065597667638484,0.0380952380952381,0.07653061224489796
19,4,base5y,br_modal_short,logit,real,29285,2744,,,,,,0.646364068521613,0.6074916269599069,0.11734693877551021,0.24271844660194175,0.037536443148688044
19,4,base5y,br_modal_short,logit,shuffle,29285,2744,,,,,,0.5302560517853572,0.5356450446476655,0.11734693877551021,0.0893854748603352,0.0652332361516035
19,4,base5y,br_modal_short,hgb,real,29285,2744,,,,,,0.9864450533527469,0.5534887239640767,0.11734693877551021,0.15384615384615385,0.056851311953352766
19,4,base5y,br_modal_short,hgb,shuffle,29285,2744,,,,,,0.9785983900239055,0.5338947843525447,0.11734693877551021,0.1382488479262673,0.07908163265306123
19,4,wide10y,fwd2,ridge,real,59827,2744,0.0477349597062514,0.005320580789777056,0.02485698182578536,0.04135925491653519,0.18986880466472303,,,,,
19,4,wide10y,fwd2,hgb,real,59827,2744,0.4249485100516178,0.05228234623891965,0.04945767185679571,0.05906445402258439,0.1490524781341108,,,,,
19,4,wide10y,fwd4,ridge,real,59827,2744,0.0560397712941916,0.0012733459136462883,0.05961373131848913,0.1999128464023571,0.19825072886297376,,,,,
19,4,wide10y,fwd4,hgb,real,59827,2744,0.4592842369879949,0.007635374460970366,0.01740963721726887,0.16154815241168197,0.1315597667638484,,,,,
19,4,wide10y,fwd8,ridge,real,59827,2744,0.058670521659957564,0.025044232372683137,0.12731239617124768,0.1546768567583582,0.21027696793002915,,,,,
19,4,wide10y,fwd8,hgb,real,59827,2744,0.49993922996644635,0.01900686292714567,0.11123650996637138,0.2528734159235017,0.13520408163265307,,,,,
19,4,wide10y,br_canon_long,logit,real,59827,2744,,,,,,0.5340280634932258,0.49610088757475046,0.4938046647230321,0.5204460966542751,0.09803206997084549
19,4,wide10y,br_canon_long,hgb,real,59827,2744,,,,,,0.803608831487973,0.5157624880784445,0.4938046647230321,0.5426008968609866,0.08126822157434402
19,4,wide10y,br_canon_short,logit,real,59827,2744,,,,,,0.5309244346811932,0.5130363141557172,0.48833819241982507,0.5581395348837209,0.09402332361516035
19,4,wide10y,br_canon_short,hgb,real,59827,2744,,,,,,0.8065489276120335,0.533868584428286,0.48833819241982507,0.5379537953795379,0.11042274052478133
19,4,wide10y,br_modal_long,logit,real,59827,2744,,,,,,0.6278516512149329,0.687181540755879,0.05065597667638484,0.5142857142857142,0.012755102040816327
19,4,wide10y,br_modal_long,hgb,real,59827,2744,,,,,,0.9413026409905262,0.688120520857786,0.05065597667638484,0.216,0.045553935860058306
19,4,wide10y,br_modal_short,logit,real,59827,2744,,,,,,0.6248871752081163,0.5826507531889358,0.11734693877551021,0.24,0.05466472303206997
19,4,wide10y,br_modal_short,hgb,real,59827,2744,,,,,,0.9194796717691834,0.5669625226315708,0.11734693877551021,0.10218978102189781,0.049927113702623906
20,4,base5y,fwd2,ridge,real,29273,2738,0.050964354438956,-0.019317103021845392,-0.012390514098049399,-0.00338461438231672,0.19941563184806427,,,,,
20,4,base5y,fwd2,ridge,shuffle,29273,2738,0.02885923440548024,0.02757031856481172,0.007395615082724421,0.08508580532177128,0.18151935719503287,,,,,
20,4,base5y,fwd2,hgb,real,29273,2738,0.5581958881651131,0.003109731434140503,-0.005334703921605816,-0.11609054147987403,0.1110299488677867,,,,,
20,4,base5y,fwd2,hgb,shuffle,29273,2738,0.5639907821862306,0.0037114912128768896,-0.010037077577221892,0.030185637704072444,0.13659605551497445,,,,,
20,4,base5y,fwd4,ridge,real,29273,2738,0.04944605107502042,0.01216355836762297,0.04064262963463947,0.031166579252024915,0.18991964937910885,,,,,
20,4,base5y,fwd4,ridge,shuffle,29273,2738,0.027412632283364994,0.02994326529652891,0.0427578199981124,-0.029527175725244645,0.1672753834915997,,,,,
20,4,base5y,fwd4,hgb,real,29273,2738,0.5950334434032493,0.021680558576926585,0.016915590086635447,0.05385961737492907,0.10372534696859022,,,,,
20,4,base5y,fwd4,hgb,shuffle,29273,2738,0.579185050159557,-0.0323278025949033,-0.021316466653875876,0.03705960332284186,0.13038714390065742,,,,,
20,4,base5y,fwd8,ridge,real,29273,2738,0.053870977624147214,0.029783056827572763,0.09558822914015566,0.10561741927306957,0.1877282688093499,,,,,
20,4,base5y,fwd8,ridge,shuffle,29273,2738,0.022096199820383456,0.001135654264794868,-0.021782000449518862,0.13318175252524617,0.1581446311176041,,,,,
20,4,base5y,fwd8,hgb,real,29273,2738,0.6351023524426043,0.028197299855023575,0.030024990933366746,-0.14475642874554895,0.08838568298027757,,,,,
20,4,base5y,fwd8,hgb,shuffle,29273,2738,0.5775827519600459,-0.004202363958385347,-0.0433349510167878,-0.13135315114079466,0.12856099342585828,,,,,
20,4,base5y,br_canon_long,logit,real,29273,2738,,,,,,0.5429298525605472,0.4916584489154703,0.4952520087655223,0.49327354260089684,0.08144631117604091
20,4,base5y,br_canon_long,logit,shuffle,29273,2738,,,,,,0.5146374850372281,0.524929668856644,0.4952520087655223,0.5889830508474576,0.08619430241051863
20,4,base5y,br_canon_long,hgb,real,29273,2738,,,,,,0.8916166746602892,0.5054989562388741,0.4952520087655223,0.535483870967742,0.056610664718772824
20,4,base5y,br_canon_long,hgb,shuffle,29273,2738,,,,,,0.8900305888543792,0.4902769061981055,0.4952520087655223,0.5203252032520326,0.04492330168005844
20,4,base5y,br_canon_short,logit,real,29273,2738,,,,,,0.5453747059172731,0.5016792510364149,0.485390796201607,0.4774193548387097,0.11322132943754565
20,4,base5y,br_canon_short,logit,shuffle,29273,2738,,,,,,0.5143019895594705,0.5126070659380388,0.485390796201607,0.5037593984962406,0.09715120525931337
20,4,base5y,br_canon_short,hgb,real,29273,2738,,,,,,0.889378860569232,0.5315399605139699,0.485390796201607,0.5157232704402516,0.05807158509861213
20,4,base5y,br_canon_short,hgb,shuffle,29273,2738,,,,,,0.8913635812285322,0.5055034255225864,0.485390796201607,0.5087719298245614,0.062454346238130024
20,4,base5y,br_modal_long,logit,real,29273,2738,,,,,,0.63277913844871,0.647234156820623,0.06939371804236669,0.0962566844919786,0.06829802775748722
20,4,base5y,br_modal_long,logit,shuffle,29273,2738,,,,,,0.5340696191279962,0.5478930843592498,0.06939371804236669,0.08813559322033898,0.10774287801314829
20,4,base5y,br_modal_long,hgb,real,29273,2738,,,,,,0.9827865577162795,0.5744133685863009,0.06939371804236669,0.08620689655172414,0.042366691015339665
20,4,base5y,br_modal_long,hgb,shuffle,29273,2738,,,,,,0.9644419434021113,0.5070746922250682,0.06939371804236669,0.06896551724137931,0.07414170927684441
20,4,base5y,br_modal_short,logit,real,29273,2738,,,,,,0.6300826310689737,0.5706623678153928,0.10262965668371074,0.17486338797814208,0.06683710737764792
20,4,base5y,br_modal_short,logit,shuffle,29273,2738,,,,,,0.5367914321702858,0.4944345229042738,0.10262965668371074,0.10646387832699619,0.09605551497443389
20,4,base5y,br_modal_short,hgb,real,29273,2738,,,,,,0.9865193496198226,0.548300519830769,0.10262965668371074,0.08783783783783784,0.05405405405405406
20,4,base5y,br_modal_short,hgb,shuffle,29273,2738,,,,,,0.9805343072236252,0.5178232865065605,0.10262965668371074,0.12562814070351758,0.07268078889700512
20,4,wide10y,fwd2,ridge,real,59672,2738,0.04402689211451214,0.01583020583619221,0.030689642023087743,0.07624309790657124,0.18298027757487217,,,,,
20,4,wide10y,fwd2,hgb,real,59672,2738,0.4254165702794493,0.024438692451135384,0.0388390081331724,0.16607924314705208,0.12892622352081812,,,,,
20,4,wide10y,fwd4,ridge,real,59672,2738,0.05109432238649671,0.03472011020838266,0.044272112763605376,0.1549494784373371,0.18115412710007306,,,,,
20,4,wide10y,fwd4,hgb,real,59672,2738,0.4564987634703345,0.025634363948978865,0.001947727377811888,0.2519186745175459,0.1183345507669832,,,,,
20,4,wide10y,fwd8,ridge,real,59672,2738,0.055960019958517154,0.03645865607488278,0.08946801688123539,0.20108135806234856,0.197954711468225,,,,,
20,4,wide10y,fwd8,hgb,real,59672,2738,0.4938480532175568,0.07142504362600617,0.126066794993679,0.20269750884352236,0.12052593133674215,,,,,
20,4,wide10y,br_canon_long,logit,real,59672,2738,,,,,,0.5326688801731696,0.5046601052725945,0.4952520087655223,0.5021645021645021,0.0843681519357195
20,4,wide10y,br_canon_long,hgb,real,59672,2738,,,,,,0.8101104516818705,0.5186751064038694,0.4952520087655223,0.6243093922651933,0.06610664718772827
20,4,wide10y,br_canon_short,logit,real,59672,2738,,,,,,0.5314978209403604,0.5094007618443404,0.485390796201607,0.5653846153846154,0.09495982468955443
20,4,wide10y,br_canon_short,hgb,real,59672,2738,,,,,,0.807612855271555,0.5335847537142981,0.485390796201607,0.5125628140703518,0.07268078889700512
20,4,wide10y,br_modal_long,logit,real,59672,2738,,,,,,0.6236306254238768,0.6539928116995787,0.06939371804236669,0.14666666666666667,0.0547845142439737
20,4,wide10y,br_modal_long,hgb,real,59672,2738,,,,,,0.9391064860131919,0.5935284640171857,0.06939371804236669,0.16030534351145037,0.04784514243973703
20,4,wide10y,br_modal_short,logit,real,59672,2738,,,,,,0.621454723823506,0.5693863273934447,0.10262965668371074,0.19689119170984457,0.07048940832724616
20,4,wide10y,br_modal_short,hgb,real,59672,2738,,,,,,0.9232215062770045,0.6031818451747277,0.10262965668371074,0.22424242424242424,0.060262965668371075
21,4,base5y,fwd2,ridge,real,29270,2747,0.04287222684417661,0.02515500404679674,0.03127126131868922,0.011884822497073655,0.20422278849654169,,,,,
21,4,base5y,fwd2,ridge,shuffle,29270,2747,0.022380351109577444,0.005551520872993199,-0.005593546140574135,0.07681958593724923,0.17837641062977794,,,,,
21,4,base5y,fwd2,hgb,real,29270,2747,0.5648569903111946,0.04467707907518681,0.02300370781166759,-0.022162917977134437,0.1576265016381507,,,,,
21,4,base5y,fwd2,hgb,shuffle,29270,2747,0.564256448972389,0.011662071552903407,-0.004959425505088488,0.04202236638624818,0.1383327266108482,,,,,
21,4,base5y,fwd4,ridge,real,29270,2747,0.04190112480542569,0.0360723865725592,0.0605943960098541,0.04877595630460484,0.20276665453221696,,,,,
21,4,base5y,fwd4,ridge,shuffle,29270,2747,0.023951474529098144,0.057056009448909276,0.06812876415844561,0.16530596235499542,0.17073170731707318,,,,,
21,4,base5y,fwd4,hgb,real,29270,2747,0.6002733707256002,0.036459717410499914,0.028957126962495652,0.005051975087697831,0.1368765926465235,,,,,
21,4,base5y,fwd4,hgb,shuffle,29270,2747,0.5680300752841949,0.0028372560755366345,0.024348653726199807,0.09608594880296799,0.15653440116490716,,,,,
21,4,base5y,fwd8,ridge,real,29270,2747,0.04548451007261232,-0.028290515817396264,0.0028850598713268437,0.04182457144241995,0.19839825263924282,,,,,
21,4,base5y,fwd8,ridge,shuffle,29270,2747,0.03280542612561073,0.07255144742675171,0.06216152476731017,0.26325647445422085,0.18674918092464507,,,,,
21,4,base5y,fwd8,hgb,real,29270,2747,0.6337674872055361,0.02698413347518463,0.01208868516009464,0.1602206461409679,0.11721878412813978,,,,,
21,4,base5y,fwd8,hgb,shuffle,29270,2747,0.5825900780193941,0.031446296132233216,0.02755576907734303,0.12793688516756688,0.1456133964324718,,,,,
21,4,base5y,br_canon_long,logit,real,29270,2747,,,,,,0.5428965911690689,0.4979812281259943,0.4903531124863487,0.47586206896551725,0.10556971241354204
21,4,base5y,br_canon_long,logit,shuffle,29270,2747,,,,,,0.5169828461240364,0.5045254003605897,0.4903531124863487,0.5146579804560261,0.1117582817619221
21,4,base5y,br_canon_long,hgb,real,29270,2747,,,,,,0.892975431765019,0.5017827977516174,0.4903531124863487,0.5141509433962265,0.07717510010921005
21,4,base5y,br_canon_long,hgb,shuffle,29270,2747,,,,,,0.885039182179392,0.489750238625517,0.4903531124863487,0.45,0.058245358572988716
21,4,base5y,br_canon_short,logit,real,29270,2747,,,,,,0.5458638841877029,0.5057045253213238,0.48671277757553694,0.5229357798165137,0.07935930105569712
21,4,base5y,br_canon_short,logit,shuffle,29270,2747,,,,,,0.5168973597100244,0.5061575348642298,0.48671277757553694,0.48046875,0.09319257371678194
21,4,base5y,br_canon_short,hgb,real,29270,2747,,,,,,0.8923158630919433,0.5151248958979827,0.48671277757553694,0.5546875,0.04659628685839097
21,4,base5y,br_canon_short,hgb,shuffle,29270,2747,,,,,,0.8873919323872688,0.5050165237087372,0.48671277757553694,0.5151515151515151,0.060065526028394614
21,4,base5y,br_modal_long,logit,real,29270,2747,,,,,,0.6402820385130729,0.6070202609591677,0.09428467419002548,0.14930555555555555,0.10484164543137969
21,4,base5y,br_modal_long,logit,shuffle,29270,2747,,,,,,0.5221005830061547,0.5212758693466089,0.09428467419002548,0.076158940397351,0.1099381143065162
21,4,base5y,br_modal_long,hgb,real,29270,2747,,,,,,0.9839045592236856,0.6257495437559747,0.09428467419002548,0.1342281879194631,0.05424099017109574
21,4,base5y,br_modal_long,hgb,shuffle,29270,2747,,,,,,0.9683986177334021,0.5111422860619003,0.09428467419002548,0.12849162011173185,0.06516199490353113
21,4,base5y,br_modal_short,logit,real,29270,2747,,,,,,0.6174757659125599,0.5918254580912525,0.1099381143065162,0.1875,0.13396432471787403
21,4,base5y,br_modal_short,logit,shuffle,29270,2747,,,,,,0.5353540156190834,0.5050664283102425,0.1099381143065162,0.10689655172413794,0.10556971241354204
21,4,base5y,br_modal_short,hgb,real,29270,2747,,,,,,0.9867297797510443,0.5610165359769228,0.1099381143065162,0.16022099447513813,0.06589006188569349
21,4,base5y,br_modal_short,hgb,shuffle,29270,2747,,,,,,0.9795420156199108,0.47716924660409815,0.1099381143065162,0.08974358974358974,0.085183836912996
21,4,wide10y,fwd2,ridge,real,59505,2747,0.03758140606434369,0.029388524006308626,0.03236819292341529,0.10557940773145101,0.184564979978158,,,,,
21,4,wide10y,fwd2,hgb,real,59505,2747,0.43400852296933184,0.048818672233269876,0.04240031413812612,0.13493347285108895,0.1634510374954496,,,,,
21,4,wide10y,fwd4,ridge,real,59505,2747,0.044591400649306244,0.03557744936263133,0.05552032646835227,0.11583394583348314,0.1776483436476156,,,,,
21,4,wide10y,fwd4,hgb,real,59505,2747,0.4537982972455607,0.04770925907757611,0.07229424229905185,0.09245971358491477,0.1823807790316709,,,,,
21,4,wide10y,fwd8,ridge,real,59505,2747,0.05291327498735217,0.004584837278747668,0.044841598160347974,0.17016899449388168,0.17327994175464143,,,,,
21,4,wide10y,fwd8,hgb,real,59505,2747,0.4959543281063939,0.043865723942705964,0.11431047358968859,0.21797345339231555,0.15981070258463778,,,,,
21,4,wide10y,br_canon_long,logit,real,59505,2747,,,,,,0.5289814012940077,0.5101988545975183,0.4903531124863487,0.48945147679324896,0.08627593738623954
21,4,wide10y,br_canon_long,hgb,real,59505,2747,,,,,,0.8087764326332607,0.5203706649697741,0.4903531124863487,0.5217391304347826,0.08372770294867128
21,4,wide10y,br_canon_short,logit,real,59505,2747,,,,,,0.5302624195411784,0.5139021944970481,0.48671277757553694,0.5959183673469388,0.08918820531488897
21,4,wide10y,br_canon_short,hgb,real,59505,2747,,,,,,0.8088554151889621,0.5169035153328347,0.48671277757553694,0.5297297297297298,0.0673461958500182
21,4,wide10y,br_modal_long,logit,real,59505,2747,,,,,,0.6288936621252703,0.6746142099839849,0.09428467419002548,0.15789473684210525,0.1314160902803058
21,4,wide10y,br_modal_long,hgb,real,59505,2747,,,,,,0.9359327567731074,0.6497752920582504,0.09428467419002548,0.1417910447761194,0.04878048780487805
21,4,wide10y,br_modal_short,logit,real,59505,2747,,,,,,0.6198396325358333,0.5963122469155866,0.1099381143065162,0.21904761904761905,0.11467054969057153
21,4,wide10y,br_modal_short,hgb,real,59505,2747,,,,,,0.9230647996355303,0.5863947236555208,0.1099381143065162,0.20689655172413793,0.09501274117218785
22,4,base5y,fwd2,ridge,real,29257,2755,0.03590358022218937,0.034232403250695084,0.046378824534362116,0.015526996733416695,0.17459165154264972,,,,,
22,4,base5y,fwd2,ridge,shuffle,29257,2755,0.026998697723576257,0.012203087601263858,0.0026524757321654056,0.051782211253351126,0.1753176043557169,,,,,
22,4,base5y,fwd2,hgb,real,29257,2755,0.5606987821754321,0.00565176121535158,-0.008451355441489698,-0.06987640007496788,0.12232304900181488,,,,,
22,4,base5y,fwd2,hgb,shuffle,29257,2755,0.5700767865681519,0.01721790958835501,0.010243017352039868,0.004500242337394791,0.14047186932849365,,,,,
22,4,base5y,fwd4,ridge,real,29257,2755,0.036026316359705435,0.03407220003137828,0.04187767339044815,0.17861700482494575,0.16551724137931034,,,,,
22,4,base5y,fwd4,ridge,shuffle,29257,2755,0.019448566152465353,-0.02443408154384666,-0.024249824163306156,-0.08755926371386986,0.18729582577132486,,,,,
22,4,base5y,fwd4,hgb,real,29257,2755,0.5979686193357797,0.01912187349682692,0.02366903990055213,0.18450664189390023,0.1306715063520871,,,,,
22,4,base5y,fwd4,hgb,shuffle,29257,2755,0.5822068064395446,-0.0029172358850413685,-0.0010648420080106283,0.062340900928749325,0.12196007259528131,,,,,
22,4,base5y,fwd8,ridge,real,29257,2755,0.04301363862468469,0.025527059444001906,0.077202887364821,0.2647154776062743,0.15099818511796734,,,,,
22,4,base5y,fwd8,ridge,shuffle,29257,2755,0.020205032283683356,-0.02892155298938647,-0.017131342591760742,-0.02522682621106688,0.22177858439201453,,,,,
22,4,base5y,fwd8,hgb,real,29257,2755,0.6344667120711013,-0.011845694988039349,-0.041869100524208544,0.19445310874703947,0.11143375680580762,,,,,
22,4,base5y,fwd8,hgb,shuffle,29257,2755,0.5843198889191434,-0.035114910592651594,-0.014753747317999891,-0.11997449968115087,0.1339382940108893,,,,,
22,4,base5y,br_canon_long,logit,real,29257,2755,,,,,,0.5370884363258385,0.5161658132349364,0.45626134301270416,0.45251396648044695,0.06497277676950998
22,4,base5y,br_canon_long,logit,shuffle,29257,2755,,,,,,0.5137204504772461,0.5012278370630477,0.45626134301270416,0.45539906103286387,0.07731397459165154
22,4,base5y,br_canon_long,hgb,real,29257,2755,,,,,,0.8910124819471383,0.4905113474024767,0.45626134301270416,0.5167785234899329,0.054083484573502726
22,4,base5y,br_canon_long,hgb,shuffle,29257,2755,,,,,,0.8968072541022,0.5100255657769097,0.45626134301270416,0.5233644859813084,0.038838475499092556
22,4,base5y,br_canon_short,logit,real,29257,2755,,,,,,0.541552122157561,0.5263447092058424,0.5197822141560798,0.5591397849462365,0.13502722323049002
22,4,base5y,br_canon_short,logit,shuffle,29257,2755,,,,,,0.5153201807612446,0.4922308153553165,0.5197822141560798,0.4924924924924925,0.12087114337568058
22,4,base5y,br_canon_short,hgb,real,29257,2755,,,,,,0.8868009234953435,0.48945704911387267,0.5197822141560798,0.4791666666666667,0.052268602540834846
22,4,base5y,br_canon_short,hgb,shuffle,29257,2755,,,,,,0.8907521898908302,0.5028212712769776,0.5197822141560798,0.5370370370370371,0.0588021778584392
22,4,base5y,br_modal_long,logit,real,29257,2755,,,,,,0.6485958971208163,0.6581810897435897,0.07078039927404718,0.3146067415730337,0.032304900181488204
22,4,base5y,br_modal_long,logit,shuffle,29257,2755,,,,,,0.5203948467308919,0.4971033653846154,0.07078039927404718,0.08881578947368421,0.1103448275862069
22,4,base5y,br_modal_long,hgb,real,29257,2755,,,,,,0.9821842871701992,0.6715124198717949,0.07078039927404718,0.16279069767441862,0.046823956442831216
22,4,base5y,br_modal_long,hgb,shuffle,29257,2755,,,,,,0.9733031283260906,0.4635917467948718,0.07078039927404718,0.0625,0.07549909255898367
22,4,base5y,br_modal_short,logit,real,29257,2755,,,,,,0.6097157488637577,0.5104931996860403,0.09001814882032667,0.12,0.0998185117967332
22,4,base5y,br_modal_short,logit,shuffle,29257,2755,,,,,,0.5279205017589912,0.4916540139223078,0.09001814882032667,0.1021021021021021,0.12087114337568058
22,4,base5y,br_modal_short,hgb,real,29257,2755,,,,,,0.984240024003159,0.5015054621254037,0.09001814882032667,0.08743169398907104,0.06642468239564428
22,4,base5y,br_modal_short,hgb,shuffle,29257,2755,,,,,,0.9755880424720558,0.4569206222576785,0.09001814882032667,0.08955223880597014,0.07295825771324864
22,4,wide10y,fwd2,ridge,real,59323,2755,0.03389632910723815,0.0392280951504319,0.05710816469130738,0.05821684184916732,0.1782214156079855,,,,,
22,4,wide10y,fwd2,hgb,real,59323,2755,0.4236153992038035,0.06562393659367984,0.04022362001896715,0.16234230472478153,0.12377495462794919,,,,,
22,4,wide10y,fwd4,ridge,real,59323,2755,0.04264608683913985,0.046151882357268185,0.06846101247244457,0.19724200522375177,0.1909255898366606,,,,,
22,4,wide10y,fwd4,hgb,real,59323,2755,0.44943134628869885,0.022088822358536795,0.013523923189484198,0.07995330782719741,0.12522686025408347,,,,,
22,4,wide10y,fwd8,ridge,real,59323,2755,0.052851839288767716,0.03366176769433083,0.12122079031974357,0.3575980229812259,0.1967332123411978,,,,,
22,4,wide10y,fwd8,hgb,real,59323,2755,0.48903123294451334,0.04562362681653408,0.08941365070010585,0.22743839460210666,0.12704174228675136,,,,,
22,4,wide10y,br_canon_long,logit,real,59323,2755,,,,,,0.5274714561453303,0.5119310499387675,0.45626134301270416,0.47717842323651455,0.08747731397459166
22,4,wide10y,br_canon_long,hgb,real,59323,2755,,,,,,0.8080733930971786,0.49486985033345965,0.45626134301270416,0.472636815920398,0.07295825771324864
22,4,wide10y,br_canon_short,logit,real,59323,2755,,,,,,0.5297811986469642,0.5238253588213684,0.5197822141560798,0.5601374570446735,0.10562613430127042
22,4,wide10y,br_canon_short,hgb,real,59323,2755,,,,,,0.8124342169470989,0.504199445141185,0.5197822141560798,0.592391304347826,0.06678765880217785
22,4,wide10y,br_modal_long,logit,real,59323,2755,,,,,,0.6326674618176628,0.6671434294871795,0.07078039927404718,0.21739130434782608,0.050090744101633396
22,4,wide10y,br_modal_long,hgb,real,59323,2755,,,,,,0.9365303467942477,0.6894591346153846,0.07078039927404718,0.1865671641791045,0.048638838475499095
22,4,wide10y,br_modal_short,logit,real,59323,2755,,,,,,0.6183687647948578,0.5213225549107661,0.09001814882032667,0.13090909090909092,0.0998185117967332
22,4,wide10y,br_modal_short,hgb,real,59323,2755,,,,,,0.9216548904265769,0.5307252595957127,0.09001814882032667,0.14798206278026907,0.0809437386569873
23,4,base5y,fwd2,ridge,real,29260,2746,0.034335080526800066,0.008999034412027568,0.018771125508872038,0.006678382118626615,0.1897305171158048,,,,,
23,4,base5y,fwd2,ridge,shuffle,29260,2746,0.026093937391306218,0.00818840338982625,0.008048883418170576,0.012483269160614544,0.21704297159504735,,,,,
23,4,base5y,fwd2,hgb,real,29260,2746,0.5553374255891486,-0.013622380726699657,-0.013283506249504109,-0.12040802936098104,0.13656227239621269,,,,,
23,4,base5y,fwd2,hgb,shuffle,29260,2746,0.5575835621838948,0.024775346679929845,0.036406549368513716,-0.006401408661876925,0.15003641660597233,,,,,
23,4,base5y,fwd4,ridge,real,29260,2746,0.03468469029502211,-0.0010321806061050775,-0.018236380658645128,0.05760865026041967,0.19810633648943918,,,,,
23,4,base5y,fwd4,ridge,shuffle,29260,2746,0.02522136387904318,-0.0007128857718325924,0.020077863685043912,0.04983540283386156,0.2057538237436271,,,,,
23,4,base5y,fwd4,hgb,real,29260,2746,0.592183608228354,-0.008091791999777435,-0.03194302653251059,0.010853922219637891,0.11798980335032774,,,,,
23,4,base5y,fwd4,hgb,shuffle,29260,2746,0.5762648982068874,-0.03507814978678188,-0.024463429620338272,-0.1587607217977987,0.12745812090313183,,,,,
23,4,base5y,fwd8,ridge,real,29260,2746,0.04152004133794739,-0.013003677803300452,-0.00037285404720559733,0.0758469100743761,0.1908230152949745,,,,,
23,4,base5y,fwd8,ridge,shuffle,29260,2746,0.018166420901231457,0.01081682142722696,0.0712691803973076,0.060913946818730455,0.18353969410050983,,,,,
23,4,base5y,fwd8,hgb,real,29260,2746,0.6280627923560671,0.017254932481827124,0.038574860742779875,0.0205143625660457,0.11325564457392572,,,,,
23,4,base5y,fwd8,hgb,shuffle,29260,2746,0.593617355836391,-0.046311699508794636,-0.04394961402927695,-0.18522434077936012,0.15258557902403497,,,,,
23,4,base5y,br_canon_long,logit,real,29260,2746,,,,,,0.5353518453116289,0.49379381372150866,0.5138383102694829,0.4925373134328358,0.09759650400582666
23,4,base5y,br_canon_long,logit,shuffle,29260,2746,,,,,,0.5175875315315406,0.4986879441095512,0.5138383102694829,0.4745762711864407,0.08594319009468318
23,4,base5y,br_canon_long,hgb,real,29260,2746,,,,,,0.8929407356895301,0.5188064883459814,0.5138383102694829,0.5419354838709678,0.05644573925710124
23,4,base5y,br_canon_long,hgb,shuffle,29260,2746,,,,,,0.8879271187024854,0.49538909106352713,0.5138383102694829,0.4875,0.05826656955571741
23,4,base5y,br_canon_short,logit,real,29260,2746,,,,,,0.5414191555937512,0.48870765904195995,0.4726875455207575,0.46885245901639344,0.1110706482155863
23,4,base5y,br_canon_short,logit,shuffle,29260,2746,,,,,,0.5164369821532726,0.5007634993062,0.4726875455207575,0.5271084337349398,0.12090313182811362
23,4,base5y,br_canon_short,hgb,real,29260,2746,,,,,,0.8880246323633411,0.5289767938775337,0.4726875455207575,0.48872180451127817,0.0484340859431901
23,4,base5y,br_canon_short,hgb,shuffle,29260,2746,,,,,,0.8925653864396242,0.49539665784164333,0.4726875455207575,0.4785276073619632,0.05935906773488711
23,4,base5y,br_modal_long,logit,real,29260,2746,,,,,,0.6416713481547253,0.5665658227624154,0.09067734887108521,0.09302325581395349,0.07829570284049527
23,4,base5y,br_modal_long,logit,shuffle,29260,2746,,,,,,0.5235372982264417,0.4633093849165183,0.09067734887108521,0.061452513966480445,0.06518572469045884
23,4,base5y,br_modal_long,hgb,real,29260,2746,,,,,,0.9833199576531657,0.5286681367038035,0.09067734887108521,0.006756756756756757,0.053896576839038604
23,4,base5y,br_modal_long,hgb,shuffle,29260,2746,,,,,,0.9747166490221524,0.5184952867135342,0.09067734887108521,0.08333333333333333,0.05680990531682447
23,4,base5y,br_modal_short,logit,real,29260,2746,,,,,,0.6036487806805921,0.7021584078820681,0.07683903860160234,0.23949579831932774,0.08667152221412965
23,4,base5y,br_modal_short,logit,shuffle,29260,2746,,,,,,0.529660931971438,0.4791927236695739,0.07683903860160234,0.08794788273615635,0.11179898033503277
23,4,base5y,br_modal_short,hgb,real,29260,2746,,,,,,0.9839531934116238,0.7218598390308198,0.07683903860160234,0.2823529411764706,0.061908230152949745
23,4,base5y,br_modal_short,hgb,shuffle,29260,2746,,,,,,0.9767492482853932,0.5389756676668817,0.07683903860160234,0.06751054852320675,0.0863073561544064
23,4,wide10y,fwd2,ridge,real,59183,2746,0.03349131322104397,0.01428167428480699,0.01011914417163371,0.0334893037420976,0.185360524399126,,,,,
23,4,wide10y,fwd2,hgb,real,59183,2746,0.42045114173985615,0.025842357052606044,0.019266798322903848,0.03307411723250047,0.1336489439184268,,,,,
23,4,wide10y,fwd4,ridge,real,59183,2746,0.040034353452310004,0.009935926996364183,-0.03238793216281265,0.11863496425332541,0.1886380189366351,,,,,
23,4,wide10y,fwd4,hgb,real,59183,2746,0.450965645781486,0.03090382432902993,0.03347806239021762,0.15350600142916995,0.1270939548434086,,,,,
23,4,wide10y,fwd8,ridge,real,59183,2746,0.0488293580093302,0.005615697795121098,0.000808143628777445,0.0336747552684033,0.20502549162418063,,,,,
23,4,wide10y,fwd8,hgb,real,59183,2746,0.4889315324130548,0.01764568630556351,0.009895730818859456,0.23469474544671765,0.12563729060451567,,,,,
23,4,wide10y,br_canon_long,logit,real,59183,2746,,,,,,0.52553253854993,0.5017218908681653,0.5138383102694829,0.5298804780876494,0.09140568099053169
23,4,wide10y,br_canon_long,hgb,real,59183,2746,,,,,,0.8073873248246575,0.5633802891672439,0.5138383102694829,0.6583850931677019,0.05863073561544064
23,4,wide10y,br_canon_short,logit,real,59183,2746,,,,,,0.5292930326520737,0.4918803045909984,0.4726875455207575,0.4492753623188406,0.10050983248361253
23,4,wide10y,br_canon_short,hgb,real,59183,2746,,,,,,0.8131211488860437,0.5379025530139867,0.4726875455207575,0.4927536231884058,0.07538237436270939
23,4,wide10y,br_modal_long,logit,real,59183,2746,,,,,,0.6367409427732534,0.5820961056882716,0.09067734887108521,0.06951871657754011,0.06809905316824472
23,4,wide10y,br_modal_long,hgb,real,59183,2746,,,,,,0.9330620418478551,0.5619401916838359,0.09067734887108521,0.0625,0.04078659868900218
23,4,wide10y,br_modal_short,logit,real,59183,2746,,,,,,0.6302114018930354,0.718853585350122,0.07683903860160234,0.36428571428571427,0.05098324836125273
23,4,wide10y,br_modal_short,hgb,real,59183,2746,,,,,,0.9229954041668669,0.7262869588790113,0.07683903860160234,0.3383458646616541,0.0484340859431901
24,4,base5y,fwd2,ridge,real,29272,2746,0.02659893539474801,-0.029009392644764015,-0.0144051859805544,-0.10962264025252795,0.18754552075746542,,,,,
24,4,base5y,fwd2,ridge,shuffle,29272,2746,0.02845148427164309,0.008174358357956582,0.0078051705848252734,0.043504429111663856,0.19519300801165332,,,,,
24,4,base5y,fwd2,hgb,real,29272,2746,0.558959300320355,-0.010806755482991587,-0.005149849665305711,-0.11375462244780646,0.15258557902403497,,,,,
24,4,base5y,fwd2,hgb,shuffle,29272,2746,0.5630166974390354,-0.015657975557770355,-0.04173910126625111,-0.002136893847950871,0.13947560087399855,,,,,
24,4,base5y,fwd4,ridge,real,29272,2746,0.030332901563543707,-0.024252683725022886,-0.04257257281562562,-0.061286427991494245,0.185360524399126,,,,,
24,4,base5y,fwd4,ridge,shuffle,29272,2746,0.02849328362979182,0.058326785275497485,0.04711301814686972,0.07079270223507628,0.2217771303714494,,,,,
24,4,base5y,fwd4,hgb,real,29272,2746,0.5888979113110726,-0.003719375087996058,-0.006496418902493604,0.13476304658469107,0.1540422432629279,,,,,
24,4,base5y,fwd4,hgb,shuffle,29272,2746,0.5728110006537649,0.023599676383572882,-0.003980053208719961,-0.04216854617812371,0.1562272396212673,,,,,
24,4,base5y,fwd8,ridge,real,29272,2746,0.03876475516901537,-0.06223221516435948,-0.09463683013393362,0.062255970917627045,0.17698470502549163,,,,,
24,4,base5y,fwd8,ridge,shuffle,29272,2746,0.025035435391655224,0.03432954292347553,-0.01579431063977609,0.017324718984778387,0.21740713765477057,,,,,
24,4,base5y,fwd8,hgb,real,29272,2746,0.6202369122875462,0.016069574098085578,0.08045458733056862,0.07365857948421893,0.13838310269482884,,,,,
24,4,base5y,fwd8,hgb,shuffle,29272,2746,0.5703204016601796,-0.0034899684576894493,-0.0020747724991199068,-0.22457699248842658,0.15040058266569556,,,,,
24,4,base5y,br_canon_long,logit,real,29272,2746,,,,,,0.5306450010902304,0.45887839092567806,0.478150036416606,0.4557522123893805,0.08230152949745084
24,4,base5y,br_canon_long,logit,shuffle,29272,2746,,,,,,0.5190766499505796,0.5023919376209456,0.478150036416606,0.5,0.11871813546977422
24,4,base5y,br_canon_long,hgb,real,29272,2746,,,,,,0.8952621164203535,0.4959870403273083,0.478150036416606,0.4,0.06737072104879825
24,4,base5y,br_canon_long,hgb,shuffle,29272,2746,,,,,,0.8918112088470725,0.49755650856298256,0.478150036416606,0.5,0.05753823743627094
24,4,base5y,br_canon_short,logit,real,29272,2746,,,,,,0.536075031153243,0.4731672382649935,0.5029133284777859,0.4416058394160584,0.09978150036416605
24,4,base5y,br_canon_short,logit,shuffle,29272,2746,,,,,,0.5200780492556527,0.4949590597671698,0.5029133284777859,0.5023474178403756,0.0775673707210488
24,4,base5y,br_canon_short,hgb,real,29272,2746,,,,,,0.8925929992239444,0.4965356632264669,0.5029133284777859,0.5290322580645161,0.05644573925710124
24,4,base5y,br_canon_short,hgb,shuffle,29272,2746,,,,,,0.885576711959384,0.49572348964094076,0.5029133284777859,0.4965986394557823,0.053532410779315365
24,4,base5y,br_modal_long,logit,real,29272,2746,,,,,,0.6463104286834891,0.6263860785107244,0.10014566642388929,0.24390243902439024,0.05972323379461034
24,4,base5y,br_modal_long,logit,shuffle,29272,2746,,,,,,0.5286378346572521,0.45872925940914605,0.10014566642388929,0.08038585209003216,0.11325564457392572
24,4,base5y,br_modal_long,hgb,real,29272,2746,,,,,,0.985559717083953,0.5562679813104743,0.10014566642388929,0.09322033898305085,0.04297159504734159
24,4,base5y,br_modal_long,hgb,shuffle,29272,2746,,,,,,0.9730346633616883,0.4958551929656746,0.10014566642388929,0.13392857142857142,0.08157319737800436
24,4,base5y,br_modal_short,logit,real,29272,2746,,,,,,0.5918170355204888,0.6193627882415067,0.10050983248361253,0.21991701244813278,0.08776402039329935
24,4,base5y,br_modal_short,logit,shuffle,29272,2746,,,,,,0.5218196020177702,0.4716379158598838,0.10050983248361253,0.1062992125984252,0.09249817916970138
24,4,base5y,br_modal_short,hgb,real,29272,2746,,,,,,0.9839236386641202,0.5977278061374172,0.10050983248361253,0.11574074074074074,0.0786598689002185
24,4,base5y,br_modal_short,hgb,shuffle,29272,2746,,,,,,0.9736636972925653,0.4604764419409728,0.10050983248361253,0.0990990990990991,0.0808448652585579
24,4,wide10y,fwd2,ridge,real,59019,2746,0.030313063078303382,-0.03875174073674404,-0.03003256345754978,-0.05435093843762372,0.19410050983248361,,,,,
24,4,wide10y,fwd2,hgb,real,59019,2746,0.42922950405952187,0.03454292338635821,0.022331008577074516,0.07786379288891755,0.1518572469045885,,,,,
24,4,wide10y,fwd4,ridge,real,59019,2746,0.035208240710999227,-0.03177924099462627,-0.02387530705053192,-0.1838531002662866,0.1930080116533139,,,,,
24,4,wide10y,fwd4,hgb,real,59019,2746,0.4457273992760461,0.05617019221959044,0.07924765017823455,0.03890697397583892,0.16933721777130373,,,,,
24,4,wide10y,fwd8,ridge,real,59019,2746,0.044061603976783256,-0.057858988062582065,-0.06057039173072568,-0.29297079570383394,0.2013838310269483,,,,,
24,4,wide10y,fwd8,hgb,real,59019,2746,0.48535815058185827,0.027506799967595703,0.08321910770164762,0.3869456578409804,0.1474872541879097,,,,,
24,4,wide10y,br_canon_long,logit,real,59019,2746,,,,,,0.5254180291419184,0.46796461813769547,0.478150036416606,0.47161572052401746,0.08339402767662053
24,4,wide10y,br_canon_long,hgb,real,59019,2746,,,,,,0.8099196580305813,0.5170146194929761,0.478150036416606,0.5906040268456376,0.054260742898761836
24,4,wide10y,br_canon_short,logit,real,59019,2746,,,,,,0.5282422522465157,0.4709338935262179,0.5029133284777859,0.4574898785425101,0.08994901675163874
24,4,wide10y,br_canon_short,hgb,real,59019,2746,,,,,,0.8116400140877851,0.524727794532284,0.5029133284777859,0.56,0.0819373634377276
24,4,wide10y,br_modal_long,logit,real,59019,2746,,,,,,0.6384355677037665,0.5946668628821603,0.10014566642388929,0.15555555555555556,0.06554989075018208
24,4,wide10y,br_modal_long,hgb,real,59019,2746,,,,,,0.9351620070549529,0.5275464478863913,0.10014566642388929,0.13793103448275862,0.06336489439184267
24,4,wide10y,br_modal_short,logit,real,59019,2746,,,,,,0.6270490234623189,0.5898712081206361,0.10050983248361253,0.15517241379310345,0.08448652585579024
24,4,wide10y,br_modal_short,hgb,real,59019,2746,,,,,,0.9179723240276932,0.5927976295253183,0.10050983248361253,0.1608695652173913,0.08375819373634377
25,4,base5y,fwd2,ridge,real,29257,2765,0.02864563770654832,0.06424628941586595,0.05487254151717465,0.11762090296359683,0.1945750452079566,,,,,
25,4,base5y,fwd2,ridge,shuffle,29257,2765,0.02863135767363101,0.03748331559509058,0.04207005890614015,0.037850564897185426,0.2206148282097649,,,,,
25,4,base5y,fwd2,hgb,real,29257,2765,0.5534540458327715,0.01324394431600116,-0.002462853345817923,-0.04681473607694604,0.19927667269439422,,,,,
25,4,base5y,fwd2,hgb,shuffle,29257,2765,0.5618914793178951,0.052193077926148614,0.06241185728254574,0.07246040577275806,0.16925858951175407,,,,,
25,4,base5y,fwd4,ridge,real,29257,2765,0.03111050394866191,0.08676357988398677,0.13019955324040203,0.3075188453806749,0.2007233273056058,,,,,
25,4,base5y,fwd4,ridge,shuffle,29257,2765,0.024582874419538485,0.008390970612448255,0.062375646660910916,0.017416432618462988,0.2274864376130199,,,,,
25,4,base5y,fwd4,hgb,real,29257,2765,0.5992555919165824,-0.012457415742894065,0.007157021057122773,-0.0747244811630912,0.20867992766726945,,,,,
25,4,base5y,fwd4,hgb,shuffle,29257,2765,0.5785832980895543,0.010527119400964253,0.022759565160730324,-0.008138981212137521,0.17685352622061482,,,,,
25,4,base5y,fwd8,ridge,real,29257,2765,0.036503696380140754,0.0765944450669576,0.17463246157151668,0.35029840971201764,0.19746835443037974,,,,,
25,4,base5y,fwd8,ridge,shuffle,29257,2765,0.026686285178128613,-0.03424382728340138,-0.02688616607304005,-0.17180699123519544,0.21229656419529838,,,,,
25,4,base5y,fwd8,hgb,real,29257,2765,0.6105389997709141,0.0285084609189022,0.09526688764098575,-0.09860681140439045,0.2332730560578662,,,,,
25,4,base5y,fwd8,hgb,shuffle,29257,2765,0.5775670186902784,0.003737425905094227,0.06539939847406538,0.1645581621903687,0.17070524412296564,,,,,
25,4,base5y,br_canon_long,logit,real,29257,2765,,,,,,0.526343395764133,0.5684605902567044,0.4994575045207957,0.6264044943820225,0.12875226039783003
25,4,base5y,br_canon_long,logit,shuffle,29257,2765,,,,,,0.511606051752256,0.4425444617915308,0.4994575045207957,0.4444444444444444,0.11066907775768535
25,4,base5y,br_canon_long,hgb,real,29257,2765,,,,,,0.9031845490075275,0.5529287857923177,0.4994575045207957,0.53125,0.0810126582278481
25,4,base5y,br_canon_long,hgb,shuffle,29257,2765,,,,,,0.8853024527323463,0.49634856621447976,0.4994575045207957,0.47150259067357514,0.06980108499095841
25,4,base5y,br_canon_short,logit,real,29257,2765,,,,,,0.529833492689266,0.5505167283783883,0.46690777576853526,0.6391752577319587,0.0701627486437613
25,4,base5y,br_canon_short,logit,shuffle,29257,2765,,,,,,0.5133168815166196,0.46218155753168527,0.46690777576853526,0.37282229965156793,0.10379746835443038
25,4,base5y,br_canon_short,hgb,real,29257,2765,,,,,,0.8996573566890775,0.5286394588566918,0.46690777576853526,0.5480225988700564,0.06401446654611212
25,4,base5y,br_canon_short,hgb,shuffle,29257,2765,,,,,,0.8859580910730376,0.5018608107270142,0.46690777576853526,0.5125628140703518,0.07197106690777577
25,4,base5y,br_modal_long,logit,real,29257,2765,,,,,,0.6366933396648301,0.6793836783699043,0.11103074141048824,0.2437137330754352,0.18698010849909585
25,4,base5y,br_modal_long,logit,shuffle,29257,2765,,,,,,0.5240133744422164,0.4542198180242405,0.11103074141048824,0.06287425149700598,0.12079566003616636
25,4,base5y,br_modal_long,hgb,real,29257,2765,,,,,,0.9851894041051817,0.5741433277763495,0.11103074141048824,0.10443864229765012,0.13851717902350813
25,4,base5y,br_modal_long,hgb,shuffle,29257,2765,,,,,,0.9768340423391092,0.5109169553382824,0.11103074141048824,0.07960199004975124,0.07269439421338156
25,4,base5y,br_modal_short,logit,real,29257,2765,,,,,,0.5990966666873858,0.5697253006019398,0.07703435804701628,0.11442786069651742,0.14538878842676312
25,4,base5y,br_modal_short,logit,shuffle,29257,2765,,,,,,0.5267756280406936,0.5243535402593198,0.07703435804701628,0.09716599190283401,0.08933092224231465
25,4,base5y,br_modal_short,hgb,real,29257,2765,,,,,,0.9826490830466594,0.5742582453971476,0.07703435804701628,0.11490683229813664,0.11645569620253164
25,4,base5y,br_modal_short,hgb,shuffle,29257,2765,,,,,,0.9766674217681482,0.4553365122816313,0.07703435804701628,0.05699481865284974,0.06980108499095841
25,4,wide10y,fwd2,ridge,real,58872,2765,0.031075669469719396,0.08092978222161665,0.06497620228973126,0.18154506561974884,0.20831826401446654,,,,,
25,4,wide10y,fwd2,hgb,real,58872,2765,0.4354760778054483,0.023704584756883376,0.00878705011435135,-0.015249493811456434,0.22893309222423147,,,,,
25,4,wide10y,fwd4,ridge,real,58872,2765,0.03570136041415136,0.12784236950245936,0.12566523917115713,0.35973487215325134,0.21518987341772153,,,,,
25,4,wide10y,fwd4,hgb,real,58872,2765,0.4595189660534628,0.043393495579948725,0.08416471172216967,0.1459944241715722,0.23074141048824592,,,,,
25,4,wide10y,fwd8,ridge,real,58872,2765,0.04405664891434651,0.14448445331707513,0.2788370375368625,0.5016721364031008,0.21482820976491862,,,,,
25,4,wide10y,fwd8,hgb,real,58872,2765,0.4907881930899184,0.03354606101976126,0.12144430865067689,0.09647526115972646,0.25316455696202533,,,,,
25,4,wide10y,br_canon_long,logit,real,58872,2765,,,,,,0.5248454762897695,0.5955133249341811,0.4994575045207957,0.6293103448275862,0.12585895117540688
25,4,wide10y,br_canon_long,hgb,real,58872,2765,,,,,,0.8148004055636454,0.5631872271496319,0.4994575045207957,0.5893536121673004,0.09511754068716094
25,4,wide10y,br_canon_short,logit,real,58872,2765,,,,,,0.5278297279200468,0.5680543833890193,0.46690777576853526,0.6286919831223629,0.08571428571428572
25,4,wide10y,br_canon_short,hgb,real,58872,2765,,,,,,0.8172351112965369,0.5364395191845854,0.46690777576853526,0.5263157894736842,0.09620253164556962
25,4,wide10y,br_modal_long,logit,real,58872,2765,,,,,,0.6367458200298837,0.6892908352173187,0.11103074141048824,0.24,0.189873417721519
25,4,wide10y,br_modal_long,hgb,real,58872,2765,,,,,,0.9313185587911053,0.5983029554495989,0.11103074141048824,0.13451776649746192,0.14249547920433997
25,4,wide10y,br_modal_short,logit,real,58872,2765,,,,,,0.6283997167735562,0.6014044034320867,0.07703435804701628,0.12465373961218837,0.13056057866184448
25,4,wide10y,br_modal_short,hgb,real,58872,2765,,,,,,0.9297561453632187,0.5766737309962177,0.07703435804701628,0.1391304347826087,0.12477396021699819
